tablename,sql_statement
channel_members,"INSERT INTO public.channel_members (id, channel_id, user_id, joined_at) VALUES ('0341c26a-7af7-5167-b003-6caf9417f20d', 'b4157e88-6142-5d67-956a-a43b8f059148', '2184a872-fcf3-5c92-a0ed-a48bc01af254', '2026-06-20 09:47:00+00');"
channel_members,"INSERT INTO public.channel_members (id, channel_id, user_id, joined_at) VALUES ('037774c3-df04-5204-a8be-c67f520ccf6c', '28d79746-4055-5b2c-aece-d37ac1512c23', 'a82bd13f-54bb-53cb-bca5-2d3ef7ec5333', '2026-06-18 10:47:00+00');"
channel_members,"INSERT INTO public.channel_members (id, channel_id, user_id, joined_at) VALUES ('04a38164-c0a4-5794-8230-9a33508c04f4', '89f220d9-e2a1-53e9-8a56-cb1bcb524383', '4b2d2857-16f0-501a-9c56-f196f4f3ee9f', '2026-06-27 12:41:00+00');"
channel_members,"INSERT INTO public.channel_members (id, channel_id, user_id, joined_at) VALUES ('06de24a1-b477-5c1c-84fd-a75f788c46a9', '5ea032d5-6f8d-5b70-9b97-30281b21ae77', '9c2b8656-23fa-540a-89fb-52a8237998cb', '2026-06-21 19:05:00+00');"
channel_members,"INSERT INTO public.channel_members (id, channel_id, user_id, joined_at) VALUES ('092964e8-5ed8-511a-af3b-3836a0a4586d', '75dcaaee-6a69-52a3-b59a-f955e3cc510f', '23b4137c-c4fa-508d-9c1c-0bcbebc02f68', '2026-06-24 12:45:00+00');"
channel_members,"INSERT INTO public.channel_members (id, channel_id, user_id, joined_at) VALUES ('0f93df29-67a1-596f-b37b-1aa81e83d095', '89f220d9-e2a1-53e9-8a56-cb1bcb524383', 'ab6a7953-9869-5067-a715-7769252b6c26', '2026-06-27 12:41:00+00');"
channel_members,"INSERT INTO public.channel_members (id, channel_id, user_id, joined_at) VALUES ('1070a4ce-8378-54f6-a8bb-045759f9a0bc', '75dcaaee-6a69-52a3-b59a-f955e3cc510f', 'a82bd13f-54bb-53cb-bca5-2d3ef7ec5333', '2026-06-24 12:45:00+00');"
channel_members,"INSERT INTO public.channel_members (id, channel_id, user_id, joined_at) VALUES ('108e4b1a-a305-5873-a0e8-cbfb80d8963c', 'ee53cf88-96a1-5d73-bde6-47072fd43ed6', '23b4137c-c4fa-508d-9c1c-0bcbebc02f68', '2026-06-21 11:47:00+00');"
channel_members,"INSERT INTO public.channel_members (id, channel_id, user_id, joined_at) VALUES ('1230edad-957e-5f5e-b9ca-969e4a2ce876', '5ea032d5-6f8d-5b70-9b97-30281b21ae77', '6a20fca4-1847-59a7-bef0-9a4f50cf394f', '2026-06-21 19:05:00+00');"
channel_members,"INSERT INTO public.channel_members (id, channel_id, user_id, joined_at) VALUES ('142e760a-fead-5f2d-a24c-21a6caa6d88e', '3a599694-d834-5b68-bfd4-0588532682b2', 'eabe8433-844d-57c8-93c5-a451778f6b1e', '2026-06-17 08:47:00+00');"
channel_members,"INSERT INTO public.channel_members (id, channel_id, user_id, joined_at) VALUES ('1617b05d-b441-5f23-b908-3d307b8cec0f', 'b952ce52-be22-56f9-bb5c-ba2500b8cbe9', '2184a872-fcf3-5c92-a0ed-a48bc01af254', '2026-06-29 13:41:00+00');"
channel_members,"INSERT INTO public.channel_members (id, channel_id, user_id, joined_at) VALUES ('1887927a-f2ff-58cb-84c7-3c465895a03b', 'd9b812dc-194e-5d91-bb27-f8c516f7be23', 'ab6a7953-9869-5067-a715-7769252b6c26', '2026-06-18 17:05:00+00');"
channel_members,"INSERT INTO public.channel_members (id, channel_id, user_id, joined_at) VALUES ('1979b775-b47e-54e2-93e2-17982a77787b', '2f21dd49-de22-5779-9c8f-fea2c311ca02', 'de446ab5-1774-599f-9ec2-89735259618f', '2026-06-28 14:41:00+00');"
channel_members,"INSERT INTO public.channel_members (id, channel_id, user_id, joined_at) VALUES ('1bf1ecdf-525a-5cbd-8c6a-0ad5ea94321a', 'b952ce52-be22-56f9-bb5c-ba2500b8cbe9', '17c60ccb-402d-52f1-a71b-abd4e79568de', '2026-06-29 13:41:00+00');"
channel_members,"INSERT INTO public.channel_members (id, channel_id, user_id, joined_at) VALUES ('1ebebdfc-69d8-5caa-8331-636a6ca00e0b', 'b4157e88-6142-5d67-956a-a43b8f059148', '82f508c0-6ced-5b31-8a1e-bf6d9d66bdd5', '2026-06-20 09:47:00+00');"
channel_members,"INSERT INTO public.channel_members (id, channel_id, user_id, joined_at) VALUES ('20b6d45a-e161-56d0-a378-e7b3f66282bf', 'b5a6ece7-65c9-5b89-8606-6587d6bf3ce6', 'ab6a7953-9869-5067-a715-7769252b6c26', '2026-06-23 18:05:00+00');"
channel_members,"INSERT INTO public.channel_members (id, channel_id, user_id, joined_at) VALUES ('27369b87-be5f-517e-a424-49f824d9a5b3', '5ea032d5-6f8d-5b70-9b97-30281b21ae77', '576872c0-f337-5ba7-9829-c94744a9c0d4', '2026-06-21 19:05:00+00');"
channel_members,"INSERT INTO public.channel_members (id, channel_id, user_id, joined_at) VALUES ('30e2e234-4b68-502c-97e9-2a2e19ce0fc4', 'c6779c86-c683-5e9d-9049-8da4dac19f52', '23b4137c-c4fa-508d-9c1c-0bcbebc02f68', '2026-06-22 11:45:00+00');"
channel_members,"INSERT INTO public.channel_members (id, channel_id, user_id, joined_at) VALUES ('31252ff3-6536-5bb8-84fb-15a3eadf50d8', '75908dd3-f8c4-5e5b-b11e-91a29e816b4b', '576872c0-f337-5ba7-9829-c94744a9c0d4', '2026-06-21 10:45:00+00');"
channel_members,"INSERT INTO public.channel_members (id, channel_id, user_id, joined_at) VALUES ('3501b01b-8b25-52de-bdff-339bb9b286f3', '5ea032d5-6f8d-5b70-9b97-30281b21ae77', 'ab6a7953-9869-5067-a715-7769252b6c26', '2026-06-21 19:05:00+00');"
channel_members,"INSERT INTO public.channel_members (id, channel_id, user_id, joined_at) VALUES ('362b04b9-dc32-5c86-92f6-0e4d9921d0c6', '5ea032d5-6f8d-5b70-9b97-30281b21ae77', 'ec88a567-d365-538a-9df6-6214908dcc40', '2026-06-21 19:05:00+00');"
channel_members,"INSERT INTO public.channel_members (id, channel_id, user_id, joined_at) VALUES ('383bd5a4-7bc8-5511-9091-0f04e452c449', '3a599694-d834-5b68-bfd4-0588532682b2', '2184a872-fcf3-5c92-a0ed-a48bc01af254', '2026-06-17 08:47:00+00');"
channel_members,"INSERT INTO public.channel_members (id, channel_id, user_id, joined_at) VALUES ('3d740fba-167c-5cd2-a82a-43435ef540cf', '18d2e333-d87a-5265-b7e4-2b332ad58874', '2184a872-fcf3-5c92-a0ed-a48bc01af254', '2026-06-29 15:41:00+00');"
channel_members,"INSERT INTO public.channel_members (id, channel_id, user_id, joined_at) VALUES ('3e081896-a7eb-5be6-8aeb-1c466b28b25e', '75908dd3-f8c4-5e5b-b11e-91a29e816b4b', 'b64bcfa5-c9e0-5907-8f39-22eb4c80fc6d', '2026-06-21 10:45:00+00');"
channel_members,"INSERT INTO public.channel_members (id, channel_id, user_id, joined_at) VALUES ('3e313870-fe9b-546a-8402-983b575f6b53', '4c854bf7-d92e-57b6-8b18-45be26dbfc1a', '23b4137c-c4fa-508d-9c1c-0bcbebc02f68', '2026-06-24 09:45:00+00');"
channel_members,"INSERT INTO public.channel_members (id, channel_id, user_id, joined_at) VALUES ('40582e57-aee5-5762-9219-a0a2fa0cce17', '18d2e333-d87a-5265-b7e4-2b332ad58874', 'a82bd13f-54bb-53cb-bca5-2d3ef7ec5333', '2026-06-29 15:41:00+00');"
channel_members,"INSERT INTO public.channel_members (id, channel_id, user_id, joined_at) VALUES ('424b8e32-7aca-562e-9b52-0e00ab94902f', 'ee53cf88-96a1-5d73-bde6-47072fd43ed6', 'eabe8433-844d-57c8-93c5-a451778f6b1e', '2026-06-21 11:47:00+00');"
channel_members,"INSERT INTO public.channel_members (id, channel_id, user_id, joined_at) VALUES ('442be241-2df1-562a-809b-6ca498329243', '2f21dd49-de22-5779-9c8f-fea2c311ca02', '4b2d2857-16f0-501a-9c56-f196f4f3ee9f', '2026-06-28 14:41:00+00');"
channel_members,"INSERT INTO public.channel_members (id, channel_id, user_id, joined_at) VALUES ('45365f19-cb82-55d9-829f-34b4a30ea078', '4c854bf7-d92e-57b6-8b18-45be26dbfc1a', 'b64bcfa5-c9e0-5907-8f39-22eb4c80fc6d', '2026-06-24 09:45:00+00');"
channel_members,"INSERT INTO public.channel_members (id, channel_id, user_id, joined_at) VALUES ('45f18864-4d71-5d7c-9049-f284515b2f52', 'b952ce52-be22-56f9-bb5c-ba2500b8cbe9', '4b2d2857-16f0-501a-9c56-f196f4f3ee9f', '2026-06-29 13:41:00+00');"
channel_members,"INSERT INTO public.channel_members (id, channel_id, user_id, joined_at) VALUES ('46ff57c0-7d2a-5afe-b0f0-facad7293900', '7a9d1a07-3b92-501d-a910-ff8947451623', '576872c0-f337-5ba7-9829-c94744a9c0d4', '2026-06-20 20:05:00+00');"
channel_members,"INSERT INTO public.channel_members (id, channel_id, user_id, joined_at) VALUES ('47a53220-9a7a-5b01-9406-4919349a2dd6', '89f220d9-e2a1-53e9-8a56-cb1bcb524383', '2184a872-fcf3-5c92-a0ed-a48bc01af254', '2026-06-27 12:41:00+00');"
channel_members,"INSERT INTO public.channel_members (id, channel_id, user_id, joined_at) VALUES ('47dd5b51-1ffb-5321-8573-10a664a171e5', 'b4157e88-6142-5d67-956a-a43b8f059148', '39431362-143d-5960-8b5d-647c21229e00', '2026-06-20 09:47:00+00');"
channel_members,"INSERT INTO public.channel_members (id, channel_id, user_id, joined_at) VALUES ('4b739f97-c476-5d3e-9c38-c633bdc96134', 'b952ce52-be22-56f9-bb5c-ba2500b8cbe9', 'a82bd13f-54bb-53cb-bca5-2d3ef7ec5333', '2026-06-29 13:41:00+00');"
channel_members,"INSERT INTO public.channel_members (id, channel_id, user_id, joined_at) VALUES ('4bd679f3-f773-58d4-8c93-b52a21766f06', '18d2e333-d87a-5265-b7e4-2b332ad58874', '17c60ccb-402d-52f1-a71b-abd4e79568de', '2026-06-29 15:41:00+00');"
channel_members,"INSERT INTO public.channel_members (id, channel_id, user_id, joined_at) VALUES ('4dd0dc85-3b5d-509f-b542-4722a22d161b', '3a599694-d834-5b68-bfd4-0588532682b2', 'a82bd13f-54bb-53cb-bca5-2d3ef7ec5333', '2026-06-17 08:47:00+00');"
channel_members,"INSERT INTO public.channel_members (id, channel_id, user_id, joined_at) VALUES ('595c5f63-ff2d-5bf5-8555-ff02677abb8b', '28d79746-4055-5b2c-aece-d37ac1512c23', '576872c0-f337-5ba7-9829-c94744a9c0d4', '2026-06-18 10:47:00+00');"
channel_members,"INSERT INTO public.channel_members (id, channel_id, user_id, joined_at) VALUES ('5a816720-0192-5c71-9421-6e8bf7c09b2b', 'd9b812dc-194e-5d91-bb27-f8c516f7be23', '6a20fca4-1847-59a7-bef0-9a4f50cf394f', '2026-06-18 17:05:00+00');"
channel_members,"INSERT INTO public.channel_members (id, channel_id, user_id, joined_at) VALUES ('5ad6d528-06ff-52ff-a78b-c07a3f2d567b', 'b5a6ece7-65c9-5b89-8606-6587d6bf3ce6', '5e5e8c92-e428-553d-8eb0-83dca5aab6ea', '2026-06-23 18:05:00+00');"
channel_members,"INSERT INTO public.channel_members (id, channel_id, user_id, joined_at) VALUES ('5bb91af8-8400-52b0-aa87-969555be4171', '7a9d1a07-3b92-501d-a910-ff8947451623', 'f1688f25-6602-5f02-8c17-04d0722ed018', '2026-06-20 20:05:00+00');"
channel_members,"INSERT INTO public.channel_members (id, channel_id, user_id, joined_at) VALUES ('5c85e8af-bf44-5b22-ab27-2823cb163e82', 'b5a6ece7-65c9-5b89-8606-6587d6bf3ce6', 'f1688f25-6602-5f02-8c17-04d0722ed018', '2026-06-23 18:05:00+00');"
channel_members,"INSERT INTO public.channel_members (id, channel_id, user_id, joined_at) VALUES ('60a40e78-3b15-5d2f-b0f6-f8ff776f8f67', '89f220d9-e2a1-53e9-8a56-cb1bcb524383', '576872c0-f337-5ba7-9829-c94744a9c0d4', '2026-06-27 12:41:00+00');"
channel_members,"INSERT INTO public.channel_members (id, channel_id, user_id, joined_at) VALUES ('620b53ae-72e8-5f32-8c45-f2bb7096d4ca', 'ee53cf88-96a1-5d73-bde6-47072fd43ed6', 'ec88a567-d365-538a-9df6-6214908dcc40', '2026-06-21 11:47:00+00');"
channel_members,"INSERT INTO public.channel_members (id, channel_id, user_id, joined_at) VALUES ('670594dc-4f15-5db3-9cda-66295ff286f3', 'ee53cf88-96a1-5d73-bde6-47072fd43ed6', '576872c0-f337-5ba7-9829-c94744a9c0d4', '2026-06-21 11:47:00+00');"
channel_members,"INSERT INTO public.channel_members (id, channel_id, user_id, joined_at) VALUES ('69a1df62-d705-51dd-9ded-f71e925bc3c3', 'b952ce52-be22-56f9-bb5c-ba2500b8cbe9', '6a20fca4-1847-59a7-bef0-9a4f50cf394f', '2026-06-29 13:41:00+00');"
channel_members,"INSERT INTO public.channel_members (id, channel_id, user_id, joined_at) VALUES ('6bfe5877-8f31-5f36-bd6f-dd9de0954ac3', 'c6779c86-c683-5e9d-9049-8da4dac19f52', '576872c0-f337-5ba7-9829-c94744a9c0d4', '2026-06-22 11:45:00+00');"
channel_members,"INSERT INTO public.channel_members (id, channel_id, user_id, joined_at) VALUES ('6c0b6572-af88-55ca-9242-728fbe43dee3', '2f21dd49-de22-5779-9c8f-fea2c311ca02', '17c60ccb-402d-52f1-a71b-abd4e79568de', '2026-06-28 14:41:00+00');"
channel_members,"INSERT INTO public.channel_members (id, channel_id, user_id, joined_at) VALUES ('6c1968a7-ef44-51d2-adc7-c162533c4c25', '2f21dd49-de22-5779-9c8f-fea2c311ca02', 'ab6a7953-9869-5067-a715-7769252b6c26', '2026-06-28 14:41:00+00');"
channel_members,"INSERT INTO public.channel_members (id, channel_id, user_id, joined_at) VALUES ('6c1c7455-a2c7-5869-a50b-85fafb0f75df', '18d2e333-d87a-5265-b7e4-2b332ad58874', 'ab6a7953-9869-5067-a715-7769252b6c26', '2026-06-29 15:41:00+00');"
channel_members,"INSERT INTO public.channel_members (id, channel_id, user_id, joined_at) VALUES ('6e7da6f6-0570-5770-b159-cd88676dba07', '3a599694-d834-5b68-bfd4-0588532682b2', 'ec88a567-d365-538a-9df6-6214908dcc40', '2026-06-17 08:47:00+00');"
channel_members,"INSERT INTO public.channel_members (id, channel_id, user_id, joined_at) VALUES ('7002c840-6a53-531a-b54d-cb41504692a7', '4c854bf7-d92e-57b6-8b18-45be26dbfc1a', 'a82bd13f-54bb-53cb-bca5-2d3ef7ec5333', '2026-06-24 09:45:00+00');"
channel_members,"INSERT INTO public.channel_members (id, channel_id, user_id, joined_at) VALUES ('702c5677-eff7-5156-9514-eb115cf8fc1c', '89f220d9-e2a1-53e9-8a56-cb1bcb524383', 'a82bd13f-54bb-53cb-bca5-2d3ef7ec5333', '2026-06-27 12:41:00+00');"
channel_members,"INSERT INTO public.channel_members (id, channel_id, user_id, joined_at) VALUES ('7cffd3d1-6ce6-579b-b28b-eb659339718d', 'd9b812dc-194e-5d91-bb27-f8c516f7be23', 'f1688f25-6602-5f02-8c17-04d0722ed018', '2026-06-18 17:05:00+00');"
channel_members,"INSERT INTO public.channel_members (id, channel_id, user_id, joined_at) VALUES ('820050b9-396a-5c93-a15f-16a584e007e5', 'b4157e88-6142-5d67-956a-a43b8f059148', '23b4137c-c4fa-508d-9c1c-0bcbebc02f68', '2026-06-20 09:47:00+00');"
channel_members,"INSERT INTO public.channel_members (id, channel_id, user_id, joined_at) VALUES ('84593c3d-09c6-525a-bd62-aa7aa027c053', '28d79746-4055-5b2c-aece-d37ac1512c23', '5e5e8c92-e428-553d-8eb0-83dca5aab6ea', '2026-06-18 10:47:00+00');"
channel_members,"INSERT INTO public.channel_members (id, channel_id, user_id, joined_at) VALUES ('8775fa29-9c2a-5fb9-92af-003dda5cc410', '4c854bf7-d92e-57b6-8b18-45be26dbfc1a', '576872c0-f337-5ba7-9829-c94744a9c0d4', '2026-06-24 09:45:00+00');"
channel_members,"INSERT INTO public.channel_members (id, channel_id, user_id, joined_at) VALUES ('8b57e305-16cd-5d5b-94d0-0564224cb578', 'd9b812dc-194e-5d91-bb27-f8c516f7be23', '9c2b8656-23fa-540a-89fb-52a8237998cb', '2026-06-18 17:05:00+00');"
channel_members,"INSERT INTO public.channel_members (id, channel_id, user_id, joined_at) VALUES ('8e8f4da6-2047-528e-9a95-d7665c3f2b76', '2f21dd49-de22-5779-9c8f-fea2c311ca02', '2184a872-fcf3-5c92-a0ed-a48bc01af254', '2026-06-28 14:41:00+00');"
channel_members,"INSERT INTO public.channel_members (id, channel_id, user_id, joined_at) VALUES ('92de96ff-6c84-58e7-993c-e1dcd8795d99', '28d79746-4055-5b2c-aece-d37ac1512c23', '82f508c0-6ced-5b31-8a1e-bf6d9d66bdd5', '2026-06-18 10:47:00+00');"
channel_members,"INSERT INTO public.channel_members (id, channel_id, user_id, joined_at) VALUES ('952a423d-5ab6-5ca6-9be4-b41a91153563', '75dcaaee-6a69-52a3-b59a-f955e3cc510f', '576872c0-f337-5ba7-9829-c94744a9c0d4', '2026-06-24 12:45:00+00');"
channel_members,"INSERT INTO public.channel_members (id, channel_id, user_id, joined_at) VALUES ('9d174cd3-d07f-5f45-b433-8c3f755002e2', 'b5a6ece7-65c9-5b89-8606-6587d6bf3ce6', '576872c0-f337-5ba7-9829-c94744a9c0d4', '2026-06-23 18:05:00+00');"
channel_members,"INSERT INTO public.channel_members (id, channel_id, user_id, joined_at) VALUES ('9e11ae92-87b9-5031-afaa-b4d80e86816d', '75908dd3-f8c4-5e5b-b11e-91a29e816b4b', '23b4137c-c4fa-508d-9c1c-0bcbebc02f68', '2026-06-21 10:45:00+00');"
channel_members,"INSERT INTO public.channel_members (id, channel_id, user_id, joined_at) VALUES ('a061ac17-0551-5c0e-a96f-f74a555f7010', '2f21dd49-de22-5779-9c8f-fea2c311ca02', 'a82bd13f-54bb-53cb-bca5-2d3ef7ec5333', '2026-06-28 14:41:00+00');"
channel_members,"INSERT INTO public.channel_members (id, channel_id, user_id, joined_at) VALUES ('a0c12fc3-7094-50bf-9c0d-fb43580942bd', 'd9b812dc-194e-5d91-bb27-f8c516f7be23', '576872c0-f337-5ba7-9829-c94744a9c0d4', '2026-06-18 17:05:00+00');"
channel_members,"INSERT INTO public.channel_members (id, channel_id, user_id, joined_at) VALUES ('a0c65149-bb8a-5b1f-9f88-c527b4b188f3', '3a599694-d834-5b68-bfd4-0588532682b2', '5e5e8c92-e428-553d-8eb0-83dca5aab6ea', '2026-06-17 08:47:00+00');"
channel_members,"INSERT INTO public.channel_members (id, channel_id, user_id, joined_at) VALUES ('a3cda500-5eca-5ac6-83e9-cb0527fc8429', '2f21dd49-de22-5779-9c8f-fea2c311ca02', '576872c0-f337-5ba7-9829-c94744a9c0d4', '2026-06-28 14:41:00+00');"
channel_members,"INSERT INTO public.channel_members (id, channel_id, user_id, joined_at) VALUES ('a4cb56a0-2f11-5ef1-a975-7d24c71700e2', '28d79746-4055-5b2c-aece-d37ac1512c23', 'eabe8433-844d-57c8-93c5-a451778f6b1e', '2026-06-18 10:47:00+00');"
channel_members,"INSERT INTO public.channel_members (id, channel_id, user_id, joined_at) VALUES ('a6c78782-078a-5d90-8697-344b094d57cc', '3a599694-d834-5b68-bfd4-0588532682b2', '39431362-143d-5960-8b5d-647c21229e00', '2026-06-17 08:47:00+00');"
channel_members,"INSERT INTO public.channel_members (id, channel_id, user_id, joined_at) VALUES ('acb87626-ad9b-547d-a477-667d4e6f3292', 'b952ce52-be22-56f9-bb5c-ba2500b8cbe9', 'ab6a7953-9869-5067-a715-7769252b6c26', '2026-06-29 13:41:00+00');"
channel_members,"INSERT INTO public.channel_members (id, channel_id, user_id, joined_at) VALUES ('adb01ac1-3a0a-5e79-9f03-035b07587608', '5ea032d5-6f8d-5b70-9b97-30281b21ae77', '5e5e8c92-e428-553d-8eb0-83dca5aab6ea', '2026-06-21 19:05:00+00');"
channel_members,"INSERT INTO public.channel_members (id, channel_id, user_id, joined_at) VALUES ('b1cbbb46-4b0d-5b41-992b-6d0607a7929b', 'b4157e88-6142-5d67-956a-a43b8f059148', 'a82bd13f-54bb-53cb-bca5-2d3ef7ec5333', '2026-06-20 09:47:00+00');"
channel_members,"INSERT INTO public.channel_members (id, channel_id, user_id, joined_at) VALUES ('b254cd5f-108b-5452-bcdf-b5374434764c', '5ea032d5-6f8d-5b70-9b97-30281b21ae77', '3875e58e-1aaf-503b-9975-57353ee608b5', '2026-06-21 19:05:00+00');"
channel_members,"INSERT INTO public.channel_members (id, channel_id, user_id, joined_at) VALUES ('b445eed5-094d-5199-8769-436cad39714f', 'b5a6ece7-65c9-5b89-8606-6587d6bf3ce6', '3875e58e-1aaf-503b-9975-57353ee608b5', '2026-06-23 18:05:00+00');"
channel_members,"INSERT INTO public.channel_members (id, channel_id, user_id, joined_at) VALUES ('b4694374-547e-5227-86b5-57641f1e8f21', 'b952ce52-be22-56f9-bb5c-ba2500b8cbe9', '3875e58e-1aaf-503b-9975-57353ee608b5', '2026-06-29 13:41:00+00');"
channel_members,"INSERT INTO public.channel_members (id, channel_id, user_id, joined_at) VALUES ('b6dfc711-18a6-517e-8e21-49b2f1785dd4', 'c6779c86-c683-5e9d-9049-8da4dac19f52', 'a82bd13f-54bb-53cb-bca5-2d3ef7ec5333', '2026-06-22 11:45:00+00');"
channel_members,"INSERT INTO public.channel_members (id, channel_id, user_id, joined_at) VALUES ('bbc05944-ad08-585e-a7cd-04cb3b1c2367', '75dcaaee-6a69-52a3-b59a-f955e3cc510f', 'b64bcfa5-c9e0-5907-8f39-22eb4c80fc6d', '2026-06-24 12:45:00+00');"
channel_members,"INSERT INTO public.channel_members (id, channel_id, user_id, joined_at) VALUES ('bbcc29d9-19ab-50c8-81c5-6db8835983c3', '28d79746-4055-5b2c-aece-d37ac1512c23', '23b4137c-c4fa-508d-9c1c-0bcbebc02f68', '2026-06-18 10:47:00+00');"
channel_members,"INSERT INTO public.channel_members (id, channel_id, user_id, joined_at) VALUES ('bbe57836-321e-5e29-864d-9c78ea26b983', 'c6779c86-c683-5e9d-9049-8da4dac19f52', 'b64bcfa5-c9e0-5907-8f39-22eb4c80fc6d', '2026-06-22 11:45:00+00');"
channel_members,"INSERT INTO public.channel_members (id, channel_id, user_id, joined_at) VALUES ('bc6ee091-bc96-58c9-9ed8-ff0278fea93d', '75908dd3-f8c4-5e5b-b11e-91a29e816b4b', 'a82bd13f-54bb-53cb-bca5-2d3ef7ec5333', '2026-06-21 10:45:00+00');"
channel_members,"INSERT INTO public.channel_members (id, channel_id, user_id, joined_at) VALUES ('c0ecac10-a7d7-5892-98a9-262ae6e818c3', '2f21dd49-de22-5779-9c8f-fea2c311ca02', '3875e58e-1aaf-503b-9975-57353ee608b5', '2026-06-28 14:41:00+00');"
channel_members,"INSERT INTO public.channel_members (id, channel_id, user_id, joined_at) VALUES ('c55205c5-2627-550e-be46-1de88f00939b', '2f21dd49-de22-5779-9c8f-fea2c311ca02', '6a20fca4-1847-59a7-bef0-9a4f50cf394f', '2026-06-28 14:41:00+00');"
channel_members,"INSERT INTO public.channel_members (id, channel_id, user_id, joined_at) VALUES ('c579b0d7-c6a4-5815-8558-8f38a45e295f', '18d2e333-d87a-5265-b7e4-2b332ad58874', '576872c0-f337-5ba7-9829-c94744a9c0d4', '2026-06-29 15:41:00+00');"
channel_members,"INSERT INTO public.channel_members (id, channel_id, user_id, joined_at) VALUES ('c5ed4e5d-1cdd-5fea-a4ac-c7bc381a225b', 'b4157e88-6142-5d67-956a-a43b8f059148', 'ec88a567-d365-538a-9df6-6214908dcc40', '2026-06-20 09:47:00+00');"
channel_members,"INSERT INTO public.channel_members (id, channel_id, user_id, joined_at) VALUES ('c65f3baf-3cc2-5276-9040-afd02ef9f84f', 'ee53cf88-96a1-5d73-bde6-47072fd43ed6', '39431362-143d-5960-8b5d-647c21229e00', '2026-06-21 11:47:00+00');"
channel_members,"INSERT INTO public.channel_members (id, channel_id, user_id, joined_at) VALUES ('c725fae5-d2f6-5ce9-b572-0b3b8ee80f2e', '89f220d9-e2a1-53e9-8a56-cb1bcb524383', '17c60ccb-402d-52f1-a71b-abd4e79568de', '2026-06-27 12:41:00+00');"
channel_members,"INSERT INTO public.channel_members (id, channel_id, user_id, joined_at) VALUES ('c97b4223-2ddc-5be8-a464-1ee61691f9fe', 'b5a6ece7-65c9-5b89-8606-6587d6bf3ce6', '6a20fca4-1847-59a7-bef0-9a4f50cf394f', '2026-06-23 18:05:00+00');"
channel_members,"INSERT INTO public.channel_members (id, channel_id, user_id, joined_at) VALUES ('cccfbcc9-ab10-51a5-8ce9-fbc44d3ea40e', 'd9b812dc-194e-5d91-bb27-f8c516f7be23', '3875e58e-1aaf-503b-9975-57353ee608b5', '2026-06-18 17:05:00+00');"
channel_members,"INSERT INTO public.channel_members (id, channel_id, user_id, joined_at) VALUES ('cf495bc2-8516-5155-82b1-a726ad35cb9c', 'b952ce52-be22-56f9-bb5c-ba2500b8cbe9', '576872c0-f337-5ba7-9829-c94744a9c0d4', '2026-06-29 13:41:00+00');"
channel_members,"INSERT INTO public.channel_members (id, channel_id, user_id, joined_at) VALUES ('cfaf3520-9552-5335-9ca6-08210cfea089', 'b5a6ece7-65c9-5b89-8606-6587d6bf3ce6', 'ec88a567-d365-538a-9df6-6214908dcc40', '2026-06-23 18:05:00+00');"
channel_members,"INSERT INTO public.channel_members (id, channel_id, user_id, joined_at) VALUES ('d1f9f17c-4eb5-5ce8-926d-6562ad932a94', '89f220d9-e2a1-53e9-8a56-cb1bcb524383', '3875e58e-1aaf-503b-9975-57353ee608b5', '2026-06-27 12:41:00+00');"
channel_members,"INSERT INTO public.channel_members (id, channel_id, user_id, joined_at) VALUES ('d324775a-d205-52ba-b63d-4cb7880ea372', 'b4157e88-6142-5d67-956a-a43b8f059148', '5e5e8c92-e428-553d-8eb0-83dca5aab6ea', '2026-06-20 09:47:00+00');"
channel_members,"INSERT INTO public.channel_members (id, channel_id, user_id, joined_at) VALUES ('d57956c2-6e44-5172-beff-7dcf21884682', 'ee53cf88-96a1-5d73-bde6-47072fd43ed6', 'a82bd13f-54bb-53cb-bca5-2d3ef7ec5333', '2026-06-21 11:47:00+00');"
channel_members,"INSERT INTO public.channel_members (id, channel_id, user_id, joined_at) VALUES ('d6f0de55-fcff-544d-93c3-6d47cb66b174', 'b5a6ece7-65c9-5b89-8606-6587d6bf3ce6', '9c2b8656-23fa-540a-89fb-52a8237998cb', '2026-06-23 18:05:00+00');"
channel_members,"INSERT INTO public.channel_members (id, channel_id, user_id, joined_at) VALUES ('d78a801f-a653-5ab0-8fe4-aee450a100b0', 'b4157e88-6142-5d67-956a-a43b8f059148', '576872c0-f337-5ba7-9829-c94744a9c0d4', '2026-06-20 09:47:00+00');"
channel_members,"INSERT INTO public.channel_members (id, channel_id, user_id, joined_at) VALUES ('da402d8e-da56-5321-98b9-5b8bb42c133d', 'ee53cf88-96a1-5d73-bde6-47072fd43ed6', '82f508c0-6ced-5b31-8a1e-bf6d9d66bdd5', '2026-06-21 11:47:00+00');"
channel_members,"INSERT INTO public.channel_members (id, channel_id, user_id, joined_at) VALUES ('dad07fce-2c98-57ca-af73-39860546c8b6', 'b952ce52-be22-56f9-bb5c-ba2500b8cbe9', 'de446ab5-1774-599f-9ec2-89735259618f', '2026-06-29 13:41:00+00');"
channel_members,"INSERT INTO public.channel_members (id, channel_id, user_id, joined_at) VALUES ('dccc3132-d83c-5f8d-a485-8953d4afa749', '3a599694-d834-5b68-bfd4-0588532682b2', '23b4137c-c4fa-508d-9c1c-0bcbebc02f68', '2026-06-17 08:47:00+00');"
channel_members,"INSERT INTO public.channel_members (id, channel_id, user_id, joined_at) VALUES ('dde46f41-82db-5e54-bcd5-9d659e15f6f6', 'b4157e88-6142-5d67-956a-a43b8f059148', 'eabe8433-844d-57c8-93c5-a451778f6b1e', '2026-06-20 09:47:00+00');"
channel_members,"INSERT INTO public.channel_members (id, channel_id, user_id, joined_at) VALUES ('e0031c3d-97f3-5c37-8d41-0029bc47acac', '7a9d1a07-3b92-501d-a910-ff8947451623', 'ab6a7953-9869-5067-a715-7769252b6c26', '2026-06-20 20:05:00+00');"
channel_members,"INSERT INTO public.channel_members (id, channel_id, user_id, joined_at) VALUES ('e24315f6-a021-5095-9f66-4ffd27376a2c', '7a9d1a07-3b92-501d-a910-ff8947451623', '3875e58e-1aaf-503b-9975-57353ee608b5', '2026-06-20 20:05:00+00');"
channel_members,"INSERT INTO public.channel_members (id, channel_id, user_id, joined_at) VALUES ('e28b3594-6025-5f20-a6f7-31543b70a9b0', 'ee53cf88-96a1-5d73-bde6-47072fd43ed6', '5e5e8c92-e428-553d-8eb0-83dca5aab6ea', '2026-06-21 11:47:00+00');"
channel_members,"INSERT INTO public.channel_members (id, channel_id, user_id, joined_at) VALUES ('e4eafbe7-08e7-57a2-a28a-d7b9bc887dc5', '5ea032d5-6f8d-5b70-9b97-30281b21ae77', 'f1688f25-6602-5f02-8c17-04d0722ed018', '2026-06-21 19:05:00+00');"
channel_members,"INSERT INTO public.channel_members (id, channel_id, user_id, joined_at) VALUES ('e5dd4f50-c582-5452-9404-460af20a4e46', '28d79746-4055-5b2c-aece-d37ac1512c23', '2184a872-fcf3-5c92-a0ed-a48bc01af254', '2026-06-18 10:47:00+00');"
channel_members,"INSERT INTO public.channel_members (id, channel_id, user_id, joined_at) VALUES ('e752b723-9c64-5e5a-9d0c-bc94a8e34469', '7a9d1a07-3b92-501d-a910-ff8947451623', '9c2b8656-23fa-540a-89fb-52a8237998cb', '2026-06-20 20:05:00+00');"
channel_members,"INSERT INTO public.channel_members (id, channel_id, user_id, joined_at) VALUES ('ea61f4b0-001f-5f4a-babe-177386961ef5', 'd9b812dc-194e-5d91-bb27-f8c516f7be23', '5e5e8c92-e428-553d-8eb0-83dca5aab6ea', '2026-06-18 17:05:00+00');"
channel_members,"INSERT INTO public.channel_members (id, channel_id, user_id, joined_at) VALUES ('ee1152e5-d947-53cf-b1a8-c9416e3185a5', 'ee53cf88-96a1-5d73-bde6-47072fd43ed6', '2184a872-fcf3-5c92-a0ed-a48bc01af254', '2026-06-21 11:47:00+00');"
channel_members,"INSERT INTO public.channel_members (id, channel_id, user_id, joined_at) VALUES ('f0a83cd1-e5a4-54f1-b6d7-e90d192debcd', '18d2e333-d87a-5265-b7e4-2b332ad58874', '3875e58e-1aaf-503b-9975-57353ee608b5', '2026-06-29 15:41:00+00');"
channel_members,"INSERT INTO public.channel_members (id, channel_id, user_id, joined_at) VALUES ('f1cc0bb3-93cd-598a-9023-c0cc5ba7f59b', '3a599694-d834-5b68-bfd4-0588532682b2', '576872c0-f337-5ba7-9829-c94744a9c0d4', '2026-06-17 08:47:00+00');"
channel_members,"INSERT INTO public.channel_members (id, channel_id, user_id, joined_at) VALUES ('f2687fd7-3a1f-54ff-a85c-811eadf62e4d', '3a599694-d834-5b68-bfd4-0588532682b2', '82f508c0-6ced-5b31-8a1e-bf6d9d66bdd5', '2026-06-17 08:47:00+00');"
channel_members,"INSERT INTO public.channel_members (id, channel_id, user_id, joined_at) VALUES ('f3901015-7bfd-5e08-8cca-181c4cabd0f5', '28d79746-4055-5b2c-aece-d37ac1512c23', '39431362-143d-5960-8b5d-647c21229e00', '2026-06-18 10:47:00+00');"
channel_members,"INSERT INTO public.channel_members (id, channel_id, user_id, joined_at) VALUES ('f44cbcf0-e9ca-5ef6-b259-ec0c10301c83', '28d79746-4055-5b2c-aece-d37ac1512c23', 'ec88a567-d365-538a-9df6-6214908dcc40', '2026-06-18 10:47:00+00');"
channel_members,"INSERT INTO public.channel_members (id, channel_id, user_id, joined_at) VALUES ('fd7bea88-132f-58c0-93c8-32b82d0ed99b', '89f220d9-e2a1-53e9-8a56-cb1bcb524383', '6a20fca4-1847-59a7-bef0-9a4f50cf394f', '2026-06-27 12:41:00+00');"
channel_members,"INSERT INTO public.channel_members (id, channel_id, user_id, joined_at) VALUES ('fd90b24e-7c6e-5617-98b2-fdfae408a3ad', 'd9b812dc-194e-5d91-bb27-f8c516f7be23', 'ec88a567-d365-538a-9df6-6214908dcc40', '2026-06-18 17:05:00+00');"
channel_members,"INSERT INTO public.channel_members (id, channel_id, user_id, joined_at) VALUES ('fe493c2c-81cd-5d01-a2dd-b3542872ac1e', '89f220d9-e2a1-53e9-8a56-cb1bcb524383', 'de446ab5-1774-599f-9ec2-89735259618f', '2026-06-27 12:41:00+00');"
channels,"INSERT INTO public.channels (id, group_id, name, description, type, is_private, created_by, created_at, updated_at) VALUES ('18d2e333-d87a-5265-b7e4-2b332ad58874', '6d2c9b37-e7aa-5ab8-a570-a62b416a85d7', 'resources', 'Chia sẻ tài liệu', 'text', 'true', '576872c0-f337-5ba7-9829-c94744a9c0d4', '2026-06-29 14:41:00+00', '2026-06-29 14:41:00+00');"
channels,"INSERT INTO public.channels (id, group_id, name, description, type, is_private, created_by, created_at, updated_at) VALUES ('28d79746-4055-5b2c-aece-d37ac1512c23', 'a25afa91-2bfd-57e9-ab13-f86f70296bf1', 'questions', 'Hỏi đáp bài tập', 'text', 'false', 'eabe8433-844d-57c8-93c5-a451778f6b1e', '2026-06-18 09:47:00+00', '2026-06-18 09:47:00+00');"
channels,"INSERT INTO public.channels (id, group_id, name, description, type, is_private, created_by, created_at, updated_at) VALUES ('2f21dd49-de22-5779-9c8f-fea2c311ca02', '6d2c9b37-e7aa-5ab8-a570-a62b416a85d7', 'questions', 'Hỏi đáp bài tập', 'text', 'false', '576872c0-f337-5ba7-9829-c94744a9c0d4', '2026-06-28 13:41:00+00', '2026-06-28 13:41:00+00');"
channels,"INSERT INTO public.channels (id, group_id, name, description, type, is_private, created_by, created_at, updated_at) VALUES ('3a599694-d834-5b68-bfd4-0588532682b2', 'a25afa91-2bfd-57e9-ab13-f86f70296bf1', 'general', 'Trao đổi chung', 'text', 'false', 'eabe8433-844d-57c8-93c5-a451778f6b1e', '2026-06-17 07:47:00+00', '2026-06-17 07:47:00+00');"
channels,"INSERT INTO public.channels (id, group_id, name, description, type, is_private, created_by, created_at, updated_at) VALUES ('4c854bf7-d92e-57b6-8b18-45be26dbfc1a', '31ec634b-66e1-5bcf-9628-ac9ad32edc1b', 'general', 'Trao đổi chung', 'text', 'false', 'b64bcfa5-c9e0-5907-8f39-22eb4c80fc6d', '2026-06-24 08:45:00+00', '2026-06-24 08:45:00+00');"
channels,"INSERT INTO public.channels (id, group_id, name, description, type, is_private, created_by, created_at, updated_at) VALUES ('5ea032d5-6f8d-5b70-9b97-30281b21ae77', '2d30c071-249c-5a54-b59e-7e811bc98699', 'questions', 'Hỏi đáp bài tập', 'text', 'false', 'ab6a7953-9869-5067-a715-7769252b6c26', '2026-06-21 18:05:00+00', '2026-06-21 18:05:00+00');"
channels,"INSERT INTO public.channels (id, group_id, name, description, type, is_private, created_by, created_at, updated_at) VALUES ('75908dd3-f8c4-5e5b-b11e-91a29e816b4b', '31ec634b-66e1-5bcf-9628-ac9ad32edc1b', 'announcements', 'Thông báo của nhóm', 'text', 'false', 'b64bcfa5-c9e0-5907-8f39-22eb4c80fc6d', '2026-06-21 09:45:00+00', '2026-06-21 09:45:00+00');"
channels,"INSERT INTO public.channels (id, group_id, name, description, type, is_private, created_by, created_at, updated_at) VALUES ('75dcaaee-6a69-52a3-b59a-f955e3cc510f', '31ec634b-66e1-5bcf-9628-ac9ad32edc1b', 'resources', 'Chia sẻ tài liệu', 'text', 'false', 'b64bcfa5-c9e0-5907-8f39-22eb4c80fc6d', '2026-06-24 11:45:00+00', '2026-06-24 11:45:00+00');"
channels,"INSERT INTO public.channels (id, group_id, name, description, type, is_private, created_by, created_at, updated_at) VALUES ('7a9d1a07-3b92-501d-a910-ff8947451623', '2d30c071-249c-5a54-b59e-7e811bc98699', 'resources', 'Chia sẻ tài liệu', 'text', 'true', 'ab6a7953-9869-5067-a715-7769252b6c26', '2026-06-20 19:05:00+00', '2026-06-20 19:05:00+00');"
channels,"INSERT INTO public.channels (id, group_id, name, description, type, is_private, created_by, created_at, updated_at) VALUES ('89f220d9-e2a1-53e9-8a56-cb1bcb524383', '6d2c9b37-e7aa-5ab8-a570-a62b416a85d7', 'general', 'Trao đổi chung', 'text', 'false', '576872c0-f337-5ba7-9829-c94744a9c0d4', '2026-06-27 11:41:00+00', '2026-06-27 11:41:00+00');"
channels,"INSERT INTO public.channels (id, group_id, name, description, type, is_private, created_by, created_at, updated_at) VALUES ('b4157e88-6142-5d67-956a-a43b8f059148', 'a25afa91-2bfd-57e9-ab13-f86f70296bf1', 'announcements', 'Thông báo của nhóm', 'text', 'false', 'eabe8433-844d-57c8-93c5-a451778f6b1e', '2026-06-20 08:47:00+00', '2026-06-20 08:47:00+00');"
channels,"INSERT INTO public.channels (id, group_id, name, description, type, is_private, created_by, created_at, updated_at) VALUES ('b5a6ece7-65c9-5b89-8606-6587d6bf3ce6', '2d30c071-249c-5a54-b59e-7e811bc98699', 'announcements', 'Thông báo của nhóm', 'text', 'false', 'ab6a7953-9869-5067-a715-7769252b6c26', '2026-06-23 17:05:00+00', '2026-06-23 17:05:00+00');"
channels,"INSERT INTO public.channels (id, group_id, name, description, type, is_private, created_by, created_at, updated_at) VALUES ('b952ce52-be22-56f9-bb5c-ba2500b8cbe9', '6d2c9b37-e7aa-5ab8-a570-a62b416a85d7', 'announcements', 'Thông báo của nhóm', 'text', 'false', '576872c0-f337-5ba7-9829-c94744a9c0d4', '2026-06-29 12:41:00+00', '2026-06-29 12:41:00+00');"
channels,"INSERT INTO public.channels (id, group_id, name, description, type, is_private, created_by, created_at, updated_at) VALUES ('c6779c86-c683-5e9d-9049-8da4dac19f52', '31ec634b-66e1-5bcf-9628-ac9ad32edc1b', 'questions', 'Hỏi đáp bài tập', 'text', 'false', 'b64bcfa5-c9e0-5907-8f39-22eb4c80fc6d', '2026-06-22 10:45:00+00', '2026-06-22 10:45:00+00');"
channels,"INSERT INTO public.channels (id, group_id, name, description, type, is_private, created_by, created_at, updated_at) VALUES ('d9b812dc-194e-5d91-bb27-f8c516f7be23', '2d30c071-249c-5a54-b59e-7e811bc98699', 'general', 'Trao đổi chung', 'text', 'false', 'ab6a7953-9869-5067-a715-7769252b6c26', '2026-06-18 16:05:00+00', '2026-06-18 16:05:00+00');"
channels,"INSERT INTO public.channels (id, group_id, name, description, type, is_private, created_by, created_at, updated_at) VALUES ('ee53cf88-96a1-5d73-bde6-47072fd43ed6', 'a25afa91-2bfd-57e9-ab13-f86f70296bf1', 'resources', 'Chia sẻ tài liệu', 'text', 'false', 'eabe8433-844d-57c8-93c5-a451778f6b1e', '2026-06-21 10:47:00+00', '2026-06-21 10:47:00+00');"
comment_likes,"INSERT INTO public.comment_likes (id, comment_id, user_id, created_at) VALUES ('0146b51e-653f-5686-9304-85f4efbd05d0', '77d8ca63-9dbe-5a5d-9ac8-42f62656c603', '3875e58e-1aaf-503b-9975-57353ee608b5', '2026-07-24 19:07:00+00');"
comment_likes,"INSERT INTO public.comment_likes (id, comment_id, user_id, created_at) VALUES ('05ea9677-3475-58d6-92e1-cfe07e0072fa', 'b071318e-6ce8-5612-9257-9432f795e370', 'ab6a7953-9869-5067-a715-7769252b6c26', '2026-07-26 23:17:00+00');"
comment_likes,"INSERT INTO public.comment_likes (id, comment_id, user_id, created_at) VALUES ('0c2f6ac3-f83d-5acc-9cb7-f6e327e57cf5', '115402a8-9031-5b2d-92f4-849378a8b688', '3875e58e-1aaf-503b-9975-57353ee608b5', '2026-07-21 04:53:00+00');"
comment_likes,"INSERT INTO public.comment_likes (id, comment_id, user_id, created_at) VALUES ('13208dd8-5896-5972-8b7f-e2bc8552a9c6', '91385c11-59ad-501c-998b-aa07093775ca', 'ec88a567-d365-538a-9df6-6214908dcc40', '2026-08-06 23:06:00+00');"
comment_likes,"INSERT INTO public.comment_likes (id, comment_id, user_id, created_at) VALUES ('14ea963e-6b26-5fc2-864c-3e84dc20da73', '66e0bab4-ea61-53e0-97b9-858d07d115bf', 'b64bcfa5-c9e0-5907-8f39-22eb4c80fc6d', '2026-07-23 23:07:00+00');"
comment_likes,"INSERT INTO public.comment_likes (id, comment_id, user_id, created_at) VALUES ('16616831-2457-5790-bff5-884be1c3076d', '43996df9-1607-5464-b359-01c830d5d7be', 'f4d9935b-45af-5692-84f6-f1edce54a954', '2026-07-18 11:23:00+00');"
comment_likes,"INSERT INTO public.comment_likes (id, comment_id, user_id, created_at) VALUES ('172edd4a-5cfa-5bdc-baf0-1dcda7c4b741', '77d8ca63-9dbe-5a5d-9ac8-42f62656c603', '82f508c0-6ced-5b31-8a1e-bf6d9d66bdd5', '2026-07-24 03:07:00+00');"
comment_likes,"INSERT INTO public.comment_likes (id, comment_id, user_id, created_at) VALUES ('17abbe47-ed7e-5df5-8c6f-ad107e15ae1c', '83ccc669-fd61-5f72-a069-d1efa9f6049c', '4b2d2857-16f0-501a-9c56-f196f4f3ee9f', '2026-07-21 16:31:00+00');"
comment_likes,"INSERT INTO public.comment_likes (id, comment_id, user_id, created_at) VALUES ('1a1e698e-670f-5d77-8cc6-efaa04bf3405', '8285735b-8be6-534c-9e8d-5e13d92433ac', '5e5e8c92-e428-553d-8eb0-83dca5aab6ea', '2026-07-20 19:31:00+00');"
comment_likes,"INSERT INTO public.comment_likes (id, comment_id, user_id, created_at) VALUES ('1a9b3c5d-766a-5acb-a41a-3b3484e6e580', 'c38ecc5a-6ccd-573b-9a7e-97b1929126db', '2184a872-fcf3-5c92-a0ed-a48bc01af254', '2026-07-24 08:07:00+00');"
comment_likes,"INSERT INTO public.comment_likes (id, comment_id, user_id, created_at) VALUES ('218d9828-ecb7-564a-955d-bbe14aa7dbba', '66e0bab4-ea61-53e0-97b9-858d07d115bf', '899db740-a298-5cc0-9e15-8aa564b6d0f9', '2026-07-24 13:07:00+00');"
comment_likes,"INSERT INTO public.comment_likes (id, comment_id, user_id, created_at) VALUES ('27093a24-c5cf-52a2-bb09-cb78de63416b', 'c302fec3-e9a1-5d1a-a3ea-b75f59330919', 'ec88a567-d365-538a-9df6-6214908dcc40', '2026-07-26 12:25:00+00');"
comment_likes,"INSERT INTO public.comment_likes (id, comment_id, user_id, created_at) VALUES ('2a37a511-cc5f-5606-bb97-8448d07bdea5', '1c98ddf1-a4e5-5cdf-b192-58ce436ba1c3', 'a82bd13f-54bb-53cb-bca5-2d3ef7ec5333', '2026-07-20 03:25:00+00');"
comment_likes,"INSERT INTO public.comment_likes (id, comment_id, user_id, created_at) VALUES ('2b13f95d-afc0-5e78-8523-312156dd7843', 'c38ecc5a-6ccd-573b-9a7e-97b1929126db', '4b2d2857-16f0-501a-9c56-f196f4f3ee9f', '2026-07-23 18:07:00+00');"
comment_likes,"INSERT INTO public.comment_likes (id, comment_id, user_id, created_at) VALUES ('2c93c5b6-cfe8-551e-8cd8-fcdf893d2562', 'e63c92ad-849f-531a-9115-647c483b79c5', '9c2b8656-23fa-540a-89fb-52a8237998cb', '2026-07-24 07:07:00+00');"
comment_likes,"INSERT INTO public.comment_likes (id, comment_id, user_id, created_at) VALUES ('2e08eb7c-30d0-5150-95b9-51db16b848d2', 'bfce27eb-208e-53ba-862b-5141fa7c7620', '17c60ccb-402d-52f1-a71b-abd4e79568de', '2026-07-29 10:07:00+00');"
comment_likes,"INSERT INTO public.comment_likes (id, comment_id, user_id, created_at) VALUES ('3c5e4045-3aaa-561b-8d89-1d9839772255', 'e63c92ad-849f-531a-9115-647c483b79c5', '39431362-143d-5960-8b5d-647c21229e00', '2026-07-24 04:07:00+00');"
comment_likes,"INSERT INTO public.comment_likes (id, comment_id, user_id, created_at) VALUES ('3c9aa583-7b77-5b34-915d-9afbc671a619', '171f2e01-1129-5f2f-98bb-1903b92a16f8', 'b64bcfa5-c9e0-5907-8f39-22eb4c80fc6d', '2026-07-21 03:31:00+00');"
comment_likes,"INSERT INTO public.comment_likes (id, comment_id, user_id, created_at) VALUES ('42131fbb-4e1b-5ed0-8b2f-65130abc40e4', 'bfce27eb-208e-53ba-862b-5141fa7c7620', 'de446ab5-1774-599f-9ec2-89735259618f', '2026-07-28 18:07:00+00');"
comment_likes,"INSERT INTO public.comment_likes (id, comment_id, user_id, created_at) VALUES ('42385237-4cdb-5067-8cbf-eaf845d771e7', '115402a8-9031-5b2d-92f4-849378a8b688', '17c60ccb-402d-52f1-a71b-abd4e79568de', '2026-07-20 11:53:00+00');"
comment_likes,"INSERT INTO public.comment_likes (id, comment_id, user_id, created_at) VALUES ('607cd5cc-1f5e-5954-a411-2034be3621aa', 'bfce27eb-208e-53ba-862b-5141fa7c7620', 'ab6a7953-9869-5067-a715-7769252b6c26', '2026-07-29 08:07:00+00');"
comment_likes,"INSERT INTO public.comment_likes (id, comment_id, user_id, created_at) VALUES ('60f4a831-4b37-5939-8c1f-e2ca50b7a99d', '94015c11-0fe1-55d8-98f6-b8ad82f04837', '39431362-143d-5960-8b5d-647c21229e00', '2026-07-10 06:18:00+00');"
comment_likes,"INSERT INTO public.comment_likes (id, comment_id, user_id, created_at) VALUES ('635318df-9f2b-5f5a-b163-79ae22363038', 'd613f456-feed-5558-bc87-ae50161ffd34', 'ab6a7953-9869-5067-a715-7769252b6c26', '2026-07-26 15:17:00+00');"
comment_likes,"INSERT INTO public.comment_likes (id, comment_id, user_id, created_at) VALUES ('664dde10-f17d-5afc-9f95-db3bdc8a7c26', '94015c11-0fe1-55d8-98f6-b8ad82f04837', '23b4137c-c4fa-508d-9c1c-0bcbebc02f68', '2026-07-09 20:18:00+00');"
comment_likes,"INSERT INTO public.comment_likes (id, comment_id, user_id, created_at) VALUES ('670e49af-5afe-59d0-b6af-c08eefed18c1', 'd7ef8bdc-152f-5998-9723-18443c06c03c', '576872c0-f337-5ba7-9829-c94744a9c0d4', '2026-08-08 13:47:00+00');"
comment_likes,"INSERT INTO public.comment_likes (id, comment_id, user_id, created_at) VALUES ('6e586441-bb81-589e-98ce-2a1f10606d22', '83ccc669-fd61-5f72-a069-d1efa9f6049c', 'f1688f25-6602-5f02-8c17-04d0722ed018', '2026-07-20 22:31:00+00');"
comment_likes,"INSERT INTO public.comment_likes (id, comment_id, user_id, created_at) VALUES ('6f1bd759-ccf5-53b2-9997-cab59afb371e', 'd7ef8bdc-152f-5998-9723-18443c06c03c', 'a82bd13f-54bb-53cb-bca5-2d3ef7ec5333', '2026-08-07 18:47:00+00');"
comment_likes,"INSERT INTO public.comment_likes (id, comment_id, user_id, created_at) VALUES ('74b8734a-b5ac-51ad-a1d6-fafab8f92f98', '84128d37-bf75-5c9d-8449-1333def25f87', '3875e58e-1aaf-503b-9975-57353ee608b5', '2026-07-27 04:56:00+00');"
comment_likes,"INSERT INTO public.comment_likes (id, comment_id, user_id, created_at) VALUES ('76cb2054-b82e-5f2c-89c3-cf6c0daeb316', 'ad502cd9-899f-5565-b87f-41d8b0da98ce', '6a20fca4-1847-59a7-bef0-9a4f50cf394f', '2026-07-06 06:05:00+00');"
comment_likes,"INSERT INTO public.comment_likes (id, comment_id, user_id, created_at) VALUES ('7a1d2807-16cf-57f2-b451-6c569e325d95', 'f16f9aca-1f82-5248-aeab-f5803588c17e', 'ec88a567-d365-538a-9df6-6214908dcc40', '2026-08-07 20:47:00+00');"
comment_likes,"INSERT INTO public.comment_likes (id, comment_id, user_id, created_at) VALUES ('7a2fe39f-2606-5849-b1ac-1da0e53d31e6', '171f2e01-1129-5f2f-98bb-1903b92a16f8', '9c2b8656-23fa-540a-89fb-52a8237998cb', '2026-07-21 11:31:00+00');"
comment_likes,"INSERT INTO public.comment_likes (id, comment_id, user_id, created_at) VALUES ('7dd1ca4b-fe26-5040-ad2e-838be9d3c1ac', '94015c11-0fe1-55d8-98f6-b8ad82f04837', '4b2d2857-16f0-501a-9c56-f196f4f3ee9f', '2026-07-10 03:18:00+00');"
comment_likes,"INSERT INTO public.comment_likes (id, comment_id, user_id, created_at) VALUES ('7e85ca33-fa91-5dac-abec-c46e99cee861', 'c38ecc5a-6ccd-573b-9a7e-97b1929126db', '6a20fca4-1847-59a7-bef0-9a4f50cf394f', '2026-07-24 00:07:00+00');"
comment_likes,"INSERT INTO public.comment_likes (id, comment_id, user_id, created_at) VALUES ('7f277e69-26b4-5b74-95f3-bad7623ad0f9', '73eb1914-b604-58a5-8bb7-c37834b8f792', 'f1688f25-6602-5f02-8c17-04d0722ed018', '2026-07-19 23:25:00+00');"
comment_likes,"INSERT INTO public.comment_likes (id, comment_id, user_id, created_at) VALUES ('7f38e1eb-2740-55b6-9771-e0842dfb7c85', 'f16f9aca-1f82-5248-aeab-f5803588c17e', '5e5e8c92-e428-553d-8eb0-83dca5aab6ea', '2026-08-08 04:47:00+00');"
comment_likes,"INSERT INTO public.comment_likes (id, comment_id, user_id, created_at) VALUES ('8022081e-3684-58c2-8f34-8733f811f024', 'fb8e182b-9a8b-56f4-82f1-ce9179e6ab0e', 'ab6a7953-9869-5067-a715-7769252b6c26', '2026-08-10 11:03:00+00');"
comment_likes,"INSERT INTO public.comment_likes (id, comment_id, user_id, created_at) VALUES ('84d6ef55-de5b-5c23-9c4c-9da524ef79a7', '84128d37-bf75-5c9d-8449-1333def25f87', '39431362-143d-5960-8b5d-647c21229e00', '2026-07-27 05:56:00+00');"
comment_likes,"INSERT INTO public.comment_likes (id, comment_id, user_id, created_at) VALUES ('88926c81-6374-577f-9b1c-4c39b5c66106', 'bb5b109c-bac4-5937-9081-05124d6f11ea', 'b64bcfa5-c9e0-5907-8f39-22eb4c80fc6d', '2026-07-26 00:17:00+00');"
comment_likes,"INSERT INTO public.comment_likes (id, comment_id, user_id, created_at) VALUES ('8c5bc500-e4bb-5c8d-87e0-6204fafda839', '171f2e01-1129-5f2f-98bb-1903b92a16f8', '3875e58e-1aaf-503b-9975-57353ee608b5', '2026-07-21 08:31:00+00');"
comment_likes,"INSERT INTO public.comment_likes (id, comment_id, user_id, created_at) VALUES ('8cfa9a71-b4f6-5b95-80c0-2e01f85f72e0', '6a2621ca-6613-580d-9827-6f90199d33a9', '17c60ccb-402d-52f1-a71b-abd4e79568de', '2026-07-09 20:18:00+00');"
comment_likes,"INSERT INTO public.comment_likes (id, comment_id, user_id, created_at) VALUES ('8f35eebd-2ad1-5f70-97bf-49f193159725', 'd613f456-feed-5558-bc87-ae50161ffd34', '3875e58e-1aaf-503b-9975-57353ee608b5', '2026-07-26 08:17:00+00');"
comment_likes,"INSERT INTO public.comment_likes (id, comment_id, user_id, created_at) VALUES ('917b7fd9-0d48-5fa8-b24c-462c09423487', 'd680a281-40f5-50c3-9837-9b50eb7251b6', 'eabe8433-844d-57c8-93c5-a451778f6b1e', '2026-07-20 10:53:00+00');"
comment_likes,"INSERT INTO public.comment_likes (id, comment_id, user_id, created_at) VALUES ('9261f4b5-30be-5cf9-badd-85ff78825866', '87220a7b-798c-5c18-890c-5f7cfebdad3d', '5e5e8c92-e428-553d-8eb0-83dca5aab6ea', '2026-07-21 08:31:00+00');"
comment_likes,"INSERT INTO public.comment_likes (id, comment_id, user_id, created_at) VALUES ('9301a4b7-3ace-5f6e-8345-63f0ed38763e', 'd680a281-40f5-50c3-9837-9b50eb7251b6', 'ec88a567-d365-538a-9df6-6214908dcc40', '2026-07-20 17:53:00+00');"
comment_likes,"INSERT INTO public.comment_likes (id, comment_id, user_id, created_at) VALUES ('937db141-bd98-59eb-97d4-34be68c3b74b', '0d365550-f2f5-5382-96c8-5d208bcb2982', '4b2d2857-16f0-501a-9c56-f196f4f3ee9f', '2026-07-21 12:31:00+00');"
comment_likes,"INSERT INTO public.comment_likes (id, comment_id, user_id, created_at) VALUES ('9c4862ce-4810-58d6-a0f4-dda9b14a5922', 'ad502cd9-899f-5565-b87f-41d8b0da98ce', 'de446ab5-1774-599f-9ec2-89735259618f', '2026-07-06 12:05:00+00');"
comment_likes,"INSERT INTO public.comment_likes (id, comment_id, user_id, created_at) VALUES ('9cbb9cc1-a09e-525d-94ff-e528cc9241c8', 'd7ef8bdc-152f-5998-9723-18443c06c03c', '3875e58e-1aaf-503b-9975-57353ee608b5', '2026-08-08 11:47:00+00');"
comment_likes,"INSERT INTO public.comment_likes (id, comment_id, user_id, created_at) VALUES ('a26f6b10-4df0-5da1-9768-699fa05f4385', '50663985-6f20-5ba6-9012-fd7da7378cb9', '9c2b8656-23fa-540a-89fb-52a8237998cb', '2026-07-26 17:25:00+00');"
comment_likes,"INSERT INTO public.comment_likes (id, comment_id, user_id, created_at) VALUES ('a34a9a7c-e35d-5261-800a-a6187706bbd4', '867ad9f5-685b-574f-bcdf-4a6e41c3e37d', 'f1688f25-6602-5f02-8c17-04d0722ed018', '2026-08-08 08:47:00+00');"
comment_likes,"INSERT INTO public.comment_likes (id, comment_id, user_id, created_at) VALUES ('a3f65870-314e-536f-af8f-460f2031388d', '494721ad-07d4-51d9-81a7-3717fa1cd6f7', 'f1688f25-6602-5f02-8c17-04d0722ed018', '2026-07-06 09:05:00+00');"
comment_likes,"INSERT INTO public.comment_likes (id, comment_id, user_id, created_at) VALUES ('a7725e24-d11c-5f97-9450-2ad7c5501390', '45135d12-f0f3-57bc-9ab8-d02e647650d2', '82f508c0-6ced-5b31-8a1e-bf6d9d66bdd5', '2026-07-19 16:25:00+00');"
comment_likes,"INSERT INTO public.comment_likes (id, comment_id, user_id, created_at) VALUES ('a790c8d3-215c-50a3-a6ee-0c77458e6dee', '504d08e3-540b-5f97-9d95-bc81e6827a6e', '899db740-a298-5cc0-9e15-8aa564b6d0f9', '2026-07-29 06:07:00+00');"
comment_likes,"INSERT INTO public.comment_likes (id, comment_id, user_id, created_at) VALUES ('a8626931-87e0-50cc-bc8d-ab3540c2d502', 'b7d97211-600f-5250-9631-86f028113339', 'ab6a7953-9869-5067-a715-7769252b6c26', '2026-07-20 08:53:00+00');"
comment_likes,"INSERT INTO public.comment_likes (id, comment_id, user_id, created_at) VALUES ('a99f8a03-a386-587f-a493-1fbdc6feb704', '91385c11-59ad-501c-998b-aa07093775ca', 'f4d9935b-45af-5692-84f6-f1edce54a954', '2026-08-07 06:06:00+00');"
comment_likes,"INSERT INTO public.comment_likes (id, comment_id, user_id, created_at) VALUES ('aa7abe06-4fe2-5237-9be1-4c840a0c27b3', '6b2c6a0b-d1fd-5e40-803f-bf290996d28a', '2184a872-fcf3-5c92-a0ed-a48bc01af254', '2026-07-06 08:05:00+00');"
comment_likes,"INSERT INTO public.comment_likes (id, comment_id, user_id, created_at) VALUES ('abf4863f-9f10-5f90-9c42-f9f408b41f15', '91d2bb3c-097f-52d0-ae26-3a60f06c46f9', '23b4137c-c4fa-508d-9c1c-0bcbebc02f68', '2026-07-20 03:53:00+00');"
comment_likes,"INSERT INTO public.comment_likes (id, comment_id, user_id, created_at) VALUES ('ac8bb83e-186f-5143-be60-0d2fb6b852fb', '45135d12-f0f3-57bc-9ab8-d02e647650d2', '9c2b8656-23fa-540a-89fb-52a8237998cb', '2026-07-19 06:25:00+00');"
comment_likes,"INSERT INTO public.comment_likes (id, comment_id, user_id, created_at) VALUES ('afcaddeb-3457-5068-bebb-779ee8c782a1', '96f817ff-e152-58fc-9193-30a0179bb23e', '5e5e8c92-e428-553d-8eb0-83dca5aab6ea', '2026-07-26 15:25:00+00');"
comment_likes,"INSERT INTO public.comment_likes (id, comment_id, user_id, created_at) VALUES ('b0c1e597-eec6-50b0-b087-65549f8ae816', '91d2bb3c-097f-52d0-ae26-3a60f06c46f9', 'f1688f25-6602-5f02-8c17-04d0722ed018', '2026-07-19 19:53:00+00');"
comment_likes,"INSERT INTO public.comment_likes (id, comment_id, user_id, created_at) VALUES ('b124bb38-803d-5bd3-bee3-e6853a261fa9', '494721ad-07d4-51d9-81a7-3717fa1cd6f7', 'b64bcfa5-c9e0-5907-8f39-22eb4c80fc6d', '2026-07-06 03:05:00+00');"
comment_likes,"INSERT INTO public.comment_likes (id, comment_id, user_id, created_at) VALUES ('b1773478-ea7a-5b3b-848e-b9b72cb32ae1', 'd8a311c4-caf7-5ecb-80d1-86a976713149', '17c60ccb-402d-52f1-a71b-abd4e79568de', '2026-07-06 02:05:00+00');"
comment_likes,"INSERT INTO public.comment_likes (id, comment_id, user_id, created_at) VALUES ('b461e798-443d-5625-add6-bf66c9cd2b58', 'a1efb9d7-6d2b-5877-8e87-e5d60c6f39b8', '9c2b8656-23fa-540a-89fb-52a8237998cb', '2026-07-12 13:50:00+00');"
comment_likes,"INSERT INTO public.comment_likes (id, comment_id, user_id, created_at) VALUES ('b7775129-fcf9-5305-9bcd-7aac724d2054', 'ea502f25-c6f0-5a27-a419-51c8a9e1f424', 'f1688f25-6602-5f02-8c17-04d0722ed018', '2026-08-05 15:47:00+00');"
comment_likes,"INSERT INTO public.comment_likes (id, comment_id, user_id, created_at) VALUES ('b979bc31-5f45-57f7-ac02-ebd24fecacef', 'a9773d0f-c8d6-5c25-8b8b-c09ab46e50a0', 'ec88a567-d365-538a-9df6-6214908dcc40', '2026-07-13 01:50:00+00');"
comment_likes,"INSERT INTO public.comment_likes (id, comment_id, user_id, created_at) VALUES ('ba0c71fb-6baa-5aad-8afe-88b2cc231408', 'b071318e-6ce8-5612-9257-9432f795e370', '2184a872-fcf3-5c92-a0ed-a48bc01af254', '2026-07-26 17:17:00+00');"
comment_likes,"INSERT INTO public.comment_likes (id, comment_id, user_id, created_at) VALUES ('ba75a967-3d33-5d58-8cbf-9546e4b976a6', '504d08e3-540b-5f97-9d95-bc81e6827a6e', '2184a872-fcf3-5c92-a0ed-a48bc01af254', '2026-07-28 20:07:00+00');"
comment_likes,"INSERT INTO public.comment_likes (id, comment_id, user_id, created_at) VALUES ('bc18e132-c9ff-5248-9a04-4ed582fb13b6', 'b071318e-6ce8-5612-9257-9432f795e370', '6a20fca4-1847-59a7-bef0-9a4f50cf394f', '2026-07-26 21:17:00+00');"
comment_likes,"INSERT INTO public.comment_likes (id, comment_id, user_id, created_at) VALUES ('bcf08ede-7ad8-5bb9-9f58-8036583c9d27', 'a9773d0f-c8d6-5c25-8b8b-c09ab46e50a0', 'f1688f25-6602-5f02-8c17-04d0722ed018', '2026-07-13 07:50:00+00');"
comment_likes,"INSERT INTO public.comment_likes (id, comment_id, user_id, created_at) VALUES ('bef2b41d-035f-59fc-9b86-7cd9f55bdcae', '26e5b7b8-97fd-5f0e-baca-d842315f23a3', '23b4137c-c4fa-508d-9c1c-0bcbebc02f68', '2026-07-19 22:25:00+00');"
comment_likes,"INSERT INTO public.comment_likes (id, comment_id, user_id, created_at) VALUES ('bfe869db-abd1-54e7-bd39-611667960d37', '26e5b7b8-97fd-5f0e-baca-d842315f23a3', '899db740-a298-5cc0-9e15-8aa564b6d0f9', '2026-07-20 08:25:00+00');"
comment_likes,"INSERT INTO public.comment_likes (id, comment_id, user_id, created_at) VALUES ('c10aa9e1-5999-5ac6-b385-5296541e0b05', '0d365550-f2f5-5382-96c8-5d208bcb2982', 'de446ab5-1774-599f-9ec2-89735259618f', '2026-07-21 10:31:00+00');"
comment_likes,"INSERT INTO public.comment_likes (id, comment_id, user_id, created_at) VALUES ('c14b5b7b-da26-5316-9597-36b0c44b7e39', '54dc977c-a809-59c4-8a9d-c820f4f1603f', '2184a872-fcf3-5c92-a0ed-a48bc01af254', '2026-07-25 18:17:00+00');"
comment_likes,"INSERT INTO public.comment_likes (id, comment_id, user_id, created_at) VALUES ('c8f78f22-b1d1-5c12-af30-2201fbf23548', 'b7d97211-600f-5250-9631-86f028113339', 'de446ab5-1774-599f-9ec2-89735259618f', '2026-07-20 04:53:00+00');"
comment_likes,"INSERT INTO public.comment_likes (id, comment_id, user_id, created_at) VALUES ('ca1ed537-1a04-5fb5-a50e-ec26118aa9f5', 'bb5b109c-bac4-5937-9081-05124d6f11ea', '9c2b8656-23fa-540a-89fb-52a8237998cb', '2026-07-26 18:17:00+00');"
comment_likes,"INSERT INTO public.comment_likes (id, comment_id, user_id, created_at) VALUES ('cca6f179-3760-5974-a531-dd6c1106854c', '45135d12-f0f3-57bc-9ab8-d02e647650d2', '17c60ccb-402d-52f1-a71b-abd4e79568de', '2026-07-19 23:25:00+00');"
comment_likes,"INSERT INTO public.comment_likes (id, comment_id, user_id, created_at) VALUES ('ce277c23-d031-5ce1-9c30-2d10bad02ede', 'f16f9aca-1f82-5248-aeab-f5803588c17e', 'eabe8433-844d-57c8-93c5-a451778f6b1e', '2026-08-08 09:47:00+00');"
comment_likes,"INSERT INTO public.comment_likes (id, comment_id, user_id, created_at) VALUES ('ce9be111-efaa-5853-b340-1c41c4667e14', 'd613f456-feed-5558-bc87-ae50161ffd34', '4b2d2857-16f0-501a-9c56-f196f4f3ee9f', '2026-07-26 19:17:00+00');"
comment_likes,"INSERT INTO public.comment_likes (id, comment_id, user_id, created_at) VALUES ('d1098c24-8cd2-5895-837c-281c431bae3b', 'b38d8271-4f3e-5393-a19b-c72b28b459ff', '5e5e8c92-e428-553d-8eb0-83dca5aab6ea', '2026-07-26 19:17:00+00');"
comment_likes,"INSERT INTO public.comment_likes (id, comment_id, user_id, created_at) VALUES ('d23e09d3-3f07-577f-aa94-4e83e1f7446c', '77d8ca63-9dbe-5a5d-9ac8-42f62656c603', '9c2b8656-23fa-540a-89fb-52a8237998cb', '2026-07-24 11:07:00+00');"
comment_likes,"INSERT INTO public.comment_likes (id, comment_id, user_id, created_at) VALUES ('db08179a-e405-5d0a-b351-caa10dd061ce', 'a1efb9d7-6d2b-5877-8e87-e5d60c6f39b8', '576872c0-f337-5ba7-9829-c94744a9c0d4', '2026-07-12 19:50:00+00');"
comment_likes,"INSERT INTO public.comment_likes (id, comment_id, user_id, created_at) VALUES ('dbb274dc-0582-55b7-87f9-3f7ccf1c635f', '504d08e3-540b-5f97-9d95-bc81e6827a6e', '82f508c0-6ced-5b31-8a1e-bf6d9d66bdd5', '2026-07-28 22:07:00+00');"
comment_likes,"INSERT INTO public.comment_likes (id, comment_id, user_id, created_at) VALUES ('df73962d-09b9-519e-86a5-0c79bf476ad5', 'ad502cd9-899f-5565-b87f-41d8b0da98ce', '576872c0-f337-5ba7-9829-c94744a9c0d4', '2026-07-05 17:05:00+00');"
comment_likes,"INSERT INTO public.comment_likes (id, comment_id, user_id, created_at) VALUES ('e2a22db1-1c3c-570e-a060-af09a3d99646', '54dc977c-a809-59c4-8a9d-c820f4f1603f', '23b4137c-c4fa-508d-9c1c-0bcbebc02f68', '2026-07-25 18:17:00+00');"
comment_likes,"INSERT INTO public.comment_likes (id, comment_id, user_id, created_at) VALUES ('e38043d0-27eb-5d25-9577-cf89d5fd2f80', 'a1efb9d7-6d2b-5877-8e87-e5d60c6f39b8', 'ec88a567-d365-538a-9df6-6214908dcc40', '2026-07-12 11:50:00+00');"
comment_likes,"INSERT INTO public.comment_likes (id, comment_id, user_id, created_at) VALUES ('e3bef103-a254-5e87-a175-97ea5d2e143f', 'b6f10a47-a5dc-5a59-b364-4c8c1580fa9b', 'b64bcfa5-c9e0-5907-8f39-22eb4c80fc6d', '2026-07-27 07:56:00+00');"
comment_likes,"INSERT INTO public.comment_likes (id, comment_id, user_id, created_at) VALUES ('e3d8d3ea-280d-5c8f-87ae-e8ce670d1a1b', '115402a8-9031-5b2d-92f4-849378a8b688', '2184a872-fcf3-5c92-a0ed-a48bc01af254', '2026-07-20 09:53:00+00');"
comment_likes,"INSERT INTO public.comment_likes (id, comment_id, user_id, created_at) VALUES ('e6de3930-0b3c-506d-8802-07a1a54ffec6', '23f28ddb-5acd-5779-ac7d-a430a3a165d5', '5e5e8c92-e428-553d-8eb0-83dca5aab6ea', '2026-07-09 17:18:00+00');"
comment_likes,"INSERT INTO public.comment_likes (id, comment_id, user_id, created_at) VALUES ('e70b7f88-2f10-5284-86ac-c1a9cb82704c', '0d365550-f2f5-5382-96c8-5d208bcb2982', 'eabe8433-844d-57c8-93c5-a451778f6b1e', '2026-07-21 06:31:00+00');"
comment_likes,"INSERT INTO public.comment_likes (id, comment_id, user_id, created_at) VALUES ('e88670fc-6bad-5276-9887-2e29de969c25', '91385c11-59ad-501c-998b-aa07093775ca', 'f1688f25-6602-5f02-8c17-04d0722ed018', '2026-08-07 18:06:00+00');"
comment_likes,"INSERT INTO public.comment_likes (id, comment_id, user_id, created_at) VALUES ('ea39606d-b7ae-5caa-9af7-f714be5c658a', '59bfc4b5-b2c5-5afc-b0f5-10a1160ab218', '17c60ccb-402d-52f1-a71b-abd4e79568de', '2026-08-08 09:47:00+00');"
comment_likes,"INSERT INTO public.comment_likes (id, comment_id, user_id, created_at) VALUES ('ed1898a8-b51f-5d40-8243-37265118efae', '23f28ddb-5acd-5779-ac7d-a430a3a165d5', 'ec88a567-d365-538a-9df6-6214908dcc40', '2026-07-09 20:18:00+00');"
comment_likes,"INSERT INTO public.comment_likes (id, comment_id, user_id, created_at) VALUES ('efb11e73-38ad-5db4-9d96-d6521d7b6d74', '0018daa9-50ba-54ac-8fcc-dbbf056ea1ef', 'ec88a567-d365-538a-9df6-6214908dcc40', '2026-07-26 21:56:00+00');"
comment_likes,"INSERT INTO public.comment_likes (id, comment_id, user_id, created_at) VALUES ('f1c6cd88-22eb-514a-97f1-a6dfcae63d90', '43996df9-1607-5464-b359-01c830d5d7be', '17c60ccb-402d-52f1-a71b-abd4e79568de', '2026-07-18 09:23:00+00');"
comment_likes,"INSERT INTO public.comment_likes (id, comment_id, user_id, created_at) VALUES ('f3db95c2-9b64-5f86-a8e2-a9566de788c3', '43996df9-1607-5464-b359-01c830d5d7be', '5e5e8c92-e428-553d-8eb0-83dca5aab6ea', '2026-07-18 06:23:00+00');"
comment_likes,"INSERT INTO public.comment_likes (id, comment_id, user_id, created_at) VALUES ('f58994b1-e8de-550b-971b-050b4eb5585c', '26e5b7b8-97fd-5f0e-baca-d842315f23a3', '6a20fca4-1847-59a7-bef0-9a4f50cf394f', '2026-07-19 20:25:00+00');"
comment_likes,"INSERT INTO public.comment_likes (id, comment_id, user_id, created_at) VALUES ('f5f8453d-cc4b-53bb-b836-15d1cd7264b6', '6a2621ca-6613-580d-9827-6f90199d33a9', 'b64bcfa5-c9e0-5907-8f39-22eb4c80fc6d', '2026-07-09 16:18:00+00');"
comment_likes,"INSERT INTO public.comment_likes (id, comment_id, user_id, created_at) VALUES ('f7d578e5-26bc-5b8e-966a-6c70c336330a', 'b7d97211-600f-5250-9631-86f028113339', 'a82bd13f-54bb-53cb-bca5-2d3ef7ec5333', '2026-07-20 09:53:00+00');"
comments,"INSERT INTO public.comments (id, post_id, author_id, parent_comment_id, content, created_at, updated_at) VALUES ('0018daa9-50ba-54ac-8fcc-dbbf056ea1ef', '2bee4ae4-168a-5b4d-aba6-c9af30508fa5', '82f508c0-6ced-5b31-8a1e-bf6d9d66bdd5', NULL, 'Mình cũng từng gặp vấn đề này. Cách mình làm là chia nhỏ từng bước rồi kiểm tra lại sau mỗi buổi học.', '2026-07-26 16:56:00+00', '2026-07-26 16:56:00+00');"
comments,"INSERT INTO public.comments (id, post_id, author_id, parent_comment_id, content, created_at, updated_at) VALUES ('0d365550-f2f5-5382-96c8-5d208bcb2982', 'fd974085-85da-5a7a-bc95-3a5b0013fc2e', '82f508c0-6ced-5b31-8a1e-bf6d9d66bdd5', NULL, 'Mình nghĩ nên kết hợp tài liệu lý thuyết với một bài thực hành nhỏ để nhớ lâu hơn.', '2026-07-21 00:31:00+00', '2026-07-21 00:31:00+00');"
comments,"INSERT INTO public.comments (id, post_id, author_id, parent_comment_id, content, created_at, updated_at) VALUES ('115402a8-9031-5b2d-92f4-849378a8b688', '4e1ccf52-94c2-5951-8bb6-2c396e391aed', '4b2d2857-16f0-501a-9c56-f196f4f3ee9f', 'd680a281-40f5-50c3-9837-9b50eb7251b6', 'Ý này hợp lý, nhất là phần chia nhỏ từng bước.', '2026-07-20 08:53:00+00', '2026-07-20 08:53:00+00');"
comments,"INSERT INTO public.comments (id, post_id, author_id, parent_comment_id, content, created_at, updated_at) VALUES ('171f2e01-1129-5f2f-98bb-1903b92a16f8', 'fd974085-85da-5a7a-bc95-3a5b0013fc2e', '39431362-143d-5960-8b5d-647c21229e00', NULL, 'Mình cũng từng gặp vấn đề này. Cách mình làm là chia nhỏ từng bước rồi kiểm tra lại sau mỗi buổi học.', '2026-07-20 14:31:00+00', '2026-07-20 14:31:00+00');"
comments,"INSERT INTO public.comments (id, post_id, author_id, parent_comment_id, content, created_at, updated_at) VALUES ('1c98ddf1-a4e5-5cdf-b192-58ce436ba1c3', '9854bbe7-1c07-5b72-bab5-8af5fa3266cd', '82f508c0-6ced-5b31-8a1e-bf6d9d66bdd5', NULL, 'Mình đã thử cách này khoảng hai tuần và thấy dễ duy trì hơn so với học dồn.', '2026-07-19 12:25:00+00', '2026-07-19 12:25:00+00');"
comments,"INSERT INTO public.comments (id, post_id, author_id, parent_comment_id, content, created_at, updated_at) VALUES ('23f28ddb-5acd-5779-ac7d-a430a3a165d5', '6342c84a-9ea8-5004-ab08-31b14060804e', '9c2b8656-23fa-540a-89fb-52a8237998cb', '6a2621ca-6613-580d-9827-6f90199d33a9', 'Mình cũng đang làm gần giống vậy và thấy khá hiệu quả.', '2026-07-09 14:18:00+00', '2026-07-09 14:18:00+00');"
comments,"INSERT INTO public.comments (id, post_id, author_id, parent_comment_id, content, created_at, updated_at) VALUES ('23f6f086-896d-581e-9c1d-72ecd347932e', 'c59dcbab-2d68-59c8-8c3a-32b31787738c', 'ec88a567-d365-538a-9df6-6214908dcc40', NULL, 'Theo mình nên bắt đầu từ một ví dụ cụ thể, sau đó mới rút ra quy tắc chung.', '2026-07-23 22:07:00+00', '2026-07-23 22:07:00+00');"
comments,"INSERT INTO public.comments (id, post_id, author_id, parent_comment_id, content, created_at, updated_at) VALUES ('25336972-5135-5135-a8de-ff3bee7b7234', '2bee4ae4-168a-5b4d-aba6-c9af30508fa5', '5e5e8c92-e428-553d-8eb0-83dca5aab6ea', NULL, 'Mình nghĩ nên kết hợp tài liệu lý thuyết với một bài thực hành nhỏ để nhớ lâu hơn.', '2026-07-27 07:56:00+00', '2026-07-27 07:56:00+00');"
comments,"INSERT INTO public.comments (id, post_id, author_id, parent_comment_id, content, created_at, updated_at) VALUES ('26e5b7b8-97fd-5f0e-baca-d842315f23a3', '9854bbe7-1c07-5b72-bab5-8af5fa3266cd', '39431362-143d-5960-8b5d-647c21229e00', NULL, 'Cách này khá ổn. Quan trọng là giữ dữ liệu hoặc ghi chú nhất quán để dễ so sánh tiến bộ.', '2026-07-19 17:25:00+00', '2026-07-19 17:25:00+00');"
comments,"INSERT INTO public.comments (id, post_id, author_id, parent_comment_id, content, created_at, updated_at) VALUES ('275005a3-a5a3-59eb-a49c-f53da6a892ab', '4ed05faa-f77b-538d-ad8e-a64f0e93d197', '39431362-143d-5960-8b5d-647c21229e00', NULL, 'Mình đồng ý, nhưng nên giới hạn phạm vi trước để tránh làm project quá lớn ngay từ đầu.', '2026-08-09 22:03:00+00', '2026-08-09 22:03:00+00');"
comments,"INSERT INTO public.comments (id, post_id, author_id, parent_comment_id, content, created_at, updated_at) VALUES ('43996df9-1607-5464-b359-01c830d5d7be', '74b6a7a2-c4cd-579b-b4e6-3ecf47715f6e', '4b2d2857-16f0-501a-9c56-f196f4f3ee9f', NULL, 'Mình đã thử cách này khoảng hai tuần và thấy dễ duy trì hơn so với học dồn.', '2026-07-17 20:23:00+00', '2026-07-17 20:23:00+00');"
comments,"INSERT INTO public.comments (id, post_id, author_id, parent_comment_id, content, created_at, updated_at) VALUES ('45135d12-f0f3-57bc-9ab8-d02e647650d2', '9854bbe7-1c07-5b72-bab5-8af5fa3266cd', '6a20fca4-1847-59a7-bef0-9a4f50cf394f', '73eb1914-b604-58a5-8bb7-c37834b8f792', 'Mình cũng đang làm gần giống vậy và thấy khá hiệu quả.', '2026-07-19 04:25:00+00', '2026-07-19 04:25:00+00');"
comments,"INSERT INTO public.comments (id, post_id, author_id, parent_comment_id, content, created_at, updated_at) VALUES ('494721ad-07d4-51d9-81a7-3717fa1cd6f7', 'e01964c0-6b1c-5917-871b-221269b84cdf', 'a82bd13f-54bb-53cb-bca5-2d3ef7ec5333', NULL, 'Mình cũng từng gặp vấn đề này. Cách mình làm là chia nhỏ từng bước rồi kiểm tra lại sau mỗi buổi học.', '2026-07-05 18:05:00+00', '2026-07-05 18:05:00+00');"
comments,"INSERT INTO public.comments (id, post_id, author_id, parent_comment_id, content, created_at, updated_at) VALUES ('504d08e3-540b-5f97-9d95-bc81e6827a6e', 'adbd3fc7-9465-5a04-87a6-adba807f9e20', 'b64bcfa5-c9e0-5907-8f39-22eb4c80fc6d', 'bfce27eb-208e-53ba-862b-5141fa7c7620', 'Mình cũng đang làm gần giống vậy và thấy khá hiệu quả.', '2026-07-28 12:07:00+00', '2026-07-28 12:07:00+00');"
comments,"INSERT INTO public.comments (id, post_id, author_id, parent_comment_id, content, created_at, updated_at) VALUES ('50663985-6f20-5ba6-9012-fd7da7378cb9', 'e092855f-8a50-5cf3-9eda-55a1df13eaba', '3875e58e-1aaf-503b-9975-57353ee608b5', 'c302fec3-e9a1-5d1a-a3ea-b75f59330919', 'Mình cũng đang làm gần giống vậy và thấy khá hiệu quả.', '2026-07-26 10:25:00+00', '2026-07-26 10:25:00+00');"
comments,"INSERT INTO public.comments (id, post_id, author_id, parent_comment_id, content, created_at, updated_at) VALUES ('54dc977c-a809-59c4-8a9d-c820f4f1603f', 'da959288-cf01-5298-9eb6-73fb29a2c148', '39431362-143d-5960-8b5d-647c21229e00', NULL, 'Theo mình nên bắt đầu từ một ví dụ cụ thể, sau đó mới rút ra quy tắc chung.', '2026-07-25 16:17:00+00', '2026-07-25 16:17:00+00');"
comments,"INSERT INTO public.comments (id, post_id, author_id, parent_comment_id, content, created_at, updated_at) VALUES ('59575397-9edb-5e94-8065-da9bd9b9d701', '2bee4ae4-168a-5b4d-aba6-c9af30508fa5', 'ec88a567-d365-538a-9df6-6214908dcc40', NULL, 'Mình đồng ý, nhưng nên giới hạn phạm vi trước để tránh làm project quá lớn ngay từ đầu.', '2026-07-27 02:56:00+00', '2026-07-27 02:56:00+00');"
comments,"INSERT INTO public.comments (id, post_id, author_id, parent_comment_id, content, created_at, updated_at) VALUES ('59bfc4b5-b2c5-5afc-b0f5-10a1160ab218', '615596ea-3235-542c-b608-a4618e5c66ac', 'b64bcfa5-c9e0-5907-8f39-22eb4c80fc6d', NULL, 'Bạn có thể ghi lại lỗi lặp lại nhiều lần rồi ưu tiên sửa nhóm lỗi đó trước.', '2026-08-07 12:47:00+00', '2026-08-07 12:47:00+00');"
comments,"INSERT INTO public.comments (id, post_id, author_id, parent_comment_id, content, created_at, updated_at) VALUES ('66e0bab4-ea61-53e0-97b9-858d07d115bf', 'c59dcbab-2d68-59c8-8c3a-32b31787738c', '4b2d2857-16f0-501a-9c56-f196f4f3ee9f', 'e63c92ad-849f-531a-9115-647c483b79c5', 'Bạn có thể chia sẻ thêm ví dụ cụ thể không?', '2026-07-23 19:07:00+00', '2026-07-23 19:07:00+00');"
comments,"INSERT INTO public.comments (id, post_id, author_id, parent_comment_id, content, created_at, updated_at) VALUES ('6a2621ca-6613-580d-9827-6f90199d33a9', '6342c84a-9ea8-5004-ab08-31b14060804e', '3875e58e-1aaf-503b-9975-57353ee608b5', NULL, 'Bạn có thể ghi lại lỗi lặp lại nhiều lần rồi ưu tiên sửa nhóm lỗi đó trước.', '2026-07-09 12:18:00+00', '2026-07-09 12:18:00+00');"
comments,"INSERT INTO public.comments (id, post_id, author_id, parent_comment_id, content, created_at, updated_at) VALUES ('6b2c6a0b-d1fd-5e40-803f-bf290996d28a', 'e01964c0-6b1c-5917-871b-221269b84cdf', '3875e58e-1aaf-503b-9975-57353ee608b5', '494721ad-07d4-51d9-81a7-3717fa1cd6f7', 'Cảm ơn bạn, mình sẽ thử cách này.', '2026-07-05 20:05:00+00', '2026-07-05 20:05:00+00');"
comments,"INSERT INTO public.comments (id, post_id, author_id, parent_comment_id, content, created_at, updated_at) VALUES ('6cddad20-27a8-5027-b956-58b1c5b87554', 'e092855f-8a50-5cf3-9eda-55a1df13eaba', '17c60ccb-402d-52f1-a71b-abd4e79568de', NULL, 'Mình đã thử cách này khoảng hai tuần và thấy dễ duy trì hơn so với học dồn.', '2026-07-25 22:25:00+00', '2026-07-25 22:25:00+00');"
comments,"INSERT INTO public.comments (id, post_id, author_id, parent_comment_id, content, created_at, updated_at) VALUES ('73eb1914-b604-58a5-8bb7-c37834b8f792', '9854bbe7-1c07-5b72-bab5-8af5fa3266cd', 'eabe8433-844d-57c8-93c5-a451778f6b1e', NULL, 'Cách này khá ổn. Quan trọng là giữ dữ liệu hoặc ghi chú nhất quán để dễ so sánh tiến bộ.', '2026-07-19 02:25:00+00', '2026-07-19 02:25:00+00');"
comments,"INSERT INTO public.comments (id, post_id, author_id, parent_comment_id, content, created_at, updated_at) VALUES ('77d8ca63-9dbe-5a5d-9ac8-42f62656c603', 'c59dcbab-2d68-59c8-8c3a-32b31787738c', 'a82bd13f-54bb-53cb-bca5-2d3ef7ec5333', '23f6f086-896d-581e-9c1d-72ecd347932e', 'Bạn có thể chia sẻ thêm ví dụ cụ thể không?', '2026-07-24 00:07:00+00', '2026-07-24 00:07:00+00');"
comments,"INSERT INTO public.comments (id, post_id, author_id, parent_comment_id, content, created_at, updated_at) VALUES ('8285735b-8be6-534c-9e8d-5e13d92433ac', 'fd974085-85da-5a7a-bc95-3a5b0013fc2e', '6a20fca4-1847-59a7-bef0-9a4f50cf394f', NULL, 'Mình đã thử cách này khoảng hai tuần và thấy dễ duy trì hơn so với học dồn.', '2026-07-20 09:31:00+00', '2026-07-20 09:31:00+00');"
comments,"INSERT INTO public.comments (id, post_id, author_id, parent_comment_id, content, created_at, updated_at) VALUES ('83ccc669-fd61-5f72-a069-d1efa9f6049c', 'fd974085-85da-5a7a-bc95-3a5b0013fc2e', '576872c0-f337-5ba7-9829-c94744a9c0d4', NULL, 'Bạn có thể ghi lại lỗi lặp lại nhiều lần rồi ưu tiên sửa nhóm lỗi đó trước.', '2026-07-20 19:31:00+00', '2026-07-20 19:31:00+00');"
comments,"INSERT INTO public.comments (id, post_id, author_id, parent_comment_id, content, created_at, updated_at) VALUES ('84128d37-bf75-5c9d-8449-1333def25f87', '2bee4ae4-168a-5b4d-aba6-c9af30508fa5', '9c2b8656-23fa-540a-89fb-52a8237998cb', 'b6f10a47-a5dc-5a59-b364-4c8c1580fa9b', 'Ý này hợp lý, nhất là phần chia nhỏ từng bước.', '2026-07-26 23:56:00+00', '2026-07-26 23:56:00+00');"
comments,"INSERT INTO public.comments (id, post_id, author_id, parent_comment_id, content, created_at, updated_at) VALUES ('867ad9f5-685b-574f-bcdf-4a6e41c3e37d', '615596ea-3235-542c-b608-a4618e5c66ac', 'b64bcfa5-c9e0-5907-8f39-22eb4c80fc6d', NULL, 'Mình đồng ý, nhưng nên giới hạn phạm vi trước để tránh làm project quá lớn ngay từ đầu.', '2026-08-07 22:47:00+00', '2026-08-07 22:47:00+00');"
comments,"INSERT INTO public.comments (id, post_id, author_id, parent_comment_id, content, created_at, updated_at) VALUES ('87220a7b-798c-5c18-890c-5f7cfebdad3d', 'fd974085-85da-5a7a-bc95-3a5b0013fc2e', 'ec88a567-d365-538a-9df6-6214908dcc40', '171f2e01-1129-5f2f-98bb-1903b92a16f8', 'Mình cũng đang làm gần giống vậy và thấy khá hiệu quả.', '2026-07-20 16:31:00+00', '2026-07-20 16:31:00+00');"
comments,"INSERT INTO public.comments (id, post_id, author_id, parent_comment_id, content, created_at, updated_at) VALUES ('87cc78a4-cc43-56a8-8cd1-2e3e71ca5d28', '615596ea-3235-542c-b608-a4618e5c66ac', '5e5e8c92-e428-553d-8eb0-83dca5aab6ea', 'd7ef8bdc-152f-5998-9723-18443c06c03c', 'Ý này hợp lý, nhất là phần chia nhỏ từng bước.', '2026-08-07 19:47:00+00', '2026-08-07 19:47:00+00');"
comments,"INSERT INTO public.comments (id, post_id, author_id, parent_comment_id, content, created_at, updated_at) VALUES ('8e817ff9-b619-5779-865b-a3d621c60267', '9854bbe7-1c07-5b72-bab5-8af5fa3266cd', '6a20fca4-1847-59a7-bef0-9a4f50cf394f', '26e5b7b8-97fd-5f0e-baca-d842315f23a3', 'Cảm ơn bạn, mình sẽ thử cách này.', '2026-07-19 19:25:00+00', '2026-07-19 19:25:00+00');"
comments,"INSERT INTO public.comments (id, post_id, author_id, parent_comment_id, content, created_at, updated_at) VALUES ('91385c11-59ad-501c-998b-aa07093775ca', 'd3fcd2b6-965a-5b83-b2dd-1bdf44a2f600', '576872c0-f337-5ba7-9829-c94744a9c0d4', NULL, 'Mình đồng ý, nhưng nên giới hạn phạm vi trước để tránh làm project quá lớn ngay từ đầu.', '2026-08-06 21:06:00+00', '2026-08-06 21:06:00+00');"
comments,"INSERT INTO public.comments (id, post_id, author_id, parent_comment_id, content, created_at, updated_at) VALUES ('91d2bb3c-097f-52d0-ae26-3a60f06c46f9', '4e1ccf52-94c2-5951-8bb6-2c396e391aed', '3875e58e-1aaf-503b-9975-57353ee608b5', '94346c16-5bce-5bc5-874e-f05ee82f9c16', 'Mình cũng đang làm gần giống vậy và thấy khá hiệu quả.', '2026-07-19 17:53:00+00', '2026-07-19 17:53:00+00');"
comments,"INSERT INTO public.comments (id, post_id, author_id, parent_comment_id, content, created_at, updated_at) VALUES ('94015c11-0fe1-55d8-98f6-b8ad82f04837', '6342c84a-9ea8-5004-ab08-31b14060804e', 'f1688f25-6602-5f02-8c17-04d0722ed018', NULL, 'Bạn có thể ghi lại lỗi lặp lại nhiều lần rồi ưu tiên sửa nhóm lỗi đó trước.', '2026-07-09 17:18:00+00', '2026-07-09 17:18:00+00');"
comments,"INSERT INTO public.comments (id, post_id, author_id, parent_comment_id, content, created_at, updated_at) VALUES ('94346c16-5bce-5bc5-874e-f05ee82f9c16', '4e1ccf52-94c2-5951-8bb6-2c396e391aed', '6a20fca4-1847-59a7-bef0-9a4f50cf394f', NULL, 'Mình đồng ý, nhưng nên giới hạn phạm vi trước để tránh làm project quá lớn ngay từ đầu.', '2026-07-19 15:53:00+00', '2026-07-19 15:53:00+00');"
comments,"INSERT INTO public.comments (id, post_id, author_id, parent_comment_id, content, created_at, updated_at) VALUES ('96f817ff-e152-58fc-9193-30a0179bb23e', 'e092855f-8a50-5cf3-9eda-55a1df13eaba', '4b2d2857-16f0-501a-9c56-f196f4f3ee9f', NULL, 'Mình đã thử cách này khoảng hai tuần và thấy dễ duy trì hơn so với học dồn.', '2026-07-26 03:25:00+00', '2026-07-26 03:25:00+00');"
comments,"INSERT INTO public.comments (id, post_id, author_id, parent_comment_id, content, created_at, updated_at) VALUES ('9ab458a3-2665-5162-8673-0087d446cf10', 'ddb7ac4c-00b9-5076-90ce-8c383caf9158', '4b2d2857-16f0-501a-9c56-f196f4f3ee9f', NULL, 'Mình cũng từng gặp vấn đề này. Cách mình làm là chia nhỏ từng bước rồi kiểm tra lại sau mỗi buổi học.', '2026-07-12 02:50:00+00', '2026-07-12 02:50:00+00');"
comments,"INSERT INTO public.comments (id, post_id, author_id, parent_comment_id, content, created_at, updated_at) VALUES ('a1efb9d7-6d2b-5877-8e87-e5d60c6f39b8', 'ddb7ac4c-00b9-5076-90ce-8c383caf9158', '899db740-a298-5cc0-9e15-8aa564b6d0f9', 'a9773d0f-c8d6-5c25-8b8b-c09ab46e50a0', 'Cảm ơn bạn, mình sẽ thử cách này.', '2026-07-12 09:50:00+00', '2026-07-12 09:50:00+00');"
comments,"INSERT INTO public.comments (id, post_id, author_id, parent_comment_id, content, created_at, updated_at) VALUES ('a9773d0f-c8d6-5c25-8b8b-c09ab46e50a0', 'ddb7ac4c-00b9-5076-90ce-8c383caf9158', '576872c0-f337-5ba7-9829-c94744a9c0d4', NULL, 'Mình đã thử cách này khoảng hai tuần và thấy dễ duy trì hơn so với học dồn.', '2026-07-12 07:50:00+00', '2026-07-12 07:50:00+00');"
comments,"INSERT INTO public.comments (id, post_id, author_id, parent_comment_id, content, created_at, updated_at) VALUES ('ad502cd9-899f-5565-b87f-41d8b0da98ce', 'e01964c0-6b1c-5917-871b-221269b84cdf', '9c2b8656-23fa-540a-89fb-52a8237998cb', NULL, 'Mình đã thử cách này khoảng hai tuần và thấy dễ duy trì hơn so với học dồn.', '2026-07-05 13:05:00+00', '2026-07-05 13:05:00+00');"
comments,"INSERT INTO public.comments (id, post_id, author_id, parent_comment_id, content, created_at, updated_at) VALUES ('b071318e-6ce8-5612-9257-9432f795e370', 'da959288-cf01-5298-9eb6-73fb29a2c148', 'f1688f25-6602-5f02-8c17-04d0722ed018', NULL, 'Theo mình nên bắt đầu từ một ví dụ cụ thể, sau đó mới rút ra quy tắc chung.', '2026-07-26 02:17:00+00', '2026-07-26 02:17:00+00');"
comments,"INSERT INTO public.comments (id, post_id, author_id, parent_comment_id, content, created_at, updated_at) VALUES ('b38d8271-4f3e-5393-a19b-c72b28b459ff', 'da959288-cf01-5298-9eb6-73fb29a2c148', 'ec88a567-d365-538a-9df6-6214908dcc40', 'bb5b109c-bac4-5937-9081-05124d6f11ea', 'Mình cũng đang làm gần giống vậy và thấy khá hiệu quả.', '2026-07-25 23:17:00+00', '2026-07-25 23:17:00+00');"
comments,"INSERT INTO public.comments (id, post_id, author_id, parent_comment_id, content, created_at, updated_at) VALUES ('b6f10a47-a5dc-5a59-b364-4c8c1580fa9b', '2bee4ae4-168a-5b4d-aba6-c9af30508fa5', 'f4d9935b-45af-5692-84f6-f1edce54a954', NULL, 'Bạn có thể ghi lại lỗi lặp lại nhiều lần rồi ưu tiên sửa nhóm lỗi đó trước.', '2026-07-26 21:56:00+00', '2026-07-26 21:56:00+00');"
comments,"INSERT INTO public.comments (id, post_id, author_id, parent_comment_id, content, created_at, updated_at) VALUES ('b7d97211-600f-5250-9631-86f028113339', '4e1ccf52-94c2-5951-8bb6-2c396e391aed', '6a20fca4-1847-59a7-bef0-9a4f50cf394f', NULL, 'Mình cũng từng gặp vấn đề này. Cách mình làm là chia nhỏ từng bước rồi kiểm tra lại sau mỗi buổi học.', '2026-07-19 20:53:00+00', '2026-07-19 20:53:00+00');"
comments,"INSERT INTO public.comments (id, post_id, author_id, parent_comment_id, content, created_at, updated_at) VALUES ('bb5b109c-bac4-5937-9081-05124d6f11ea', 'da959288-cf01-5298-9eb6-73fb29a2c148', '39431362-143d-5960-8b5d-647c21229e00', NULL, 'Mình nghĩ nên kết hợp tài liệu lý thuyết với một bài thực hành nhỏ để nhớ lâu hơn.', '2026-07-25 21:17:00+00', '2026-07-25 21:17:00+00');"
comments,"INSERT INTO public.comments (id, post_id, author_id, parent_comment_id, content, created_at, updated_at) VALUES ('bfce27eb-208e-53ba-862b-5141fa7c7620', 'adbd3fc7-9465-5a04-87a6-adba807f9e20', '3875e58e-1aaf-503b-9975-57353ee608b5', NULL, 'Cách này khá ổn. Quan trọng là giữ dữ liệu hoặc ghi chú nhất quán để dễ so sánh tiến bộ.', '2026-07-28 10:07:00+00', '2026-07-28 10:07:00+00');"
comments,"INSERT INTO public.comments (id, post_id, author_id, parent_comment_id, content, created_at, updated_at) VALUES ('c302fec3-e9a1-5d1a-a3ea-b75f59330919', 'e092855f-8a50-5cf3-9eda-55a1df13eaba', '899db740-a298-5cc0-9e15-8aa564b6d0f9', NULL, 'Cách này khá ổn. Quan trọng là giữ dữ liệu hoặc ghi chú nhất quán để dễ so sánh tiến bộ.', '2026-07-26 08:25:00+00', '2026-07-26 08:25:00+00');"
comments,"INSERT INTO public.comments (id, post_id, author_id, parent_comment_id, content, created_at, updated_at) VALUES ('c38ecc5a-6ccd-573b-9a7e-97b1929126db', 'c59dcbab-2d68-59c8-8c3a-32b31787738c', '3875e58e-1aaf-503b-9975-57353ee608b5', NULL, 'Mình cũng từng gặp vấn đề này. Cách mình làm là chia nhỏ từng bước rồi kiểm tra lại sau mỗi buổi học.', '2026-07-23 12:07:00+00', '2026-07-23 12:07:00+00');"
comments,"INSERT INTO public.comments (id, post_id, author_id, parent_comment_id, content, created_at, updated_at) VALUES ('cf92be27-257c-53ca-a4ce-6cfb07704da2', '9854bbe7-1c07-5b72-bab5-8af5fa3266cd', '3875e58e-1aaf-503b-9975-57353ee608b5', NULL, 'Mình cũng từng gặp vấn đề này. Cách mình làm là chia nhỏ từng bước rồi kiểm tra lại sau mỗi buổi học.', '2026-07-19 07:25:00+00', '2026-07-19 07:25:00+00');"
comments,"INSERT INTO public.comments (id, post_id, author_id, parent_comment_id, content, created_at, updated_at) VALUES ('d613f456-feed-5558-bc87-ae50161ffd34', 'da959288-cf01-5298-9eb6-73fb29a2c148', '2184a872-fcf3-5c92-a0ed-a48bc01af254', 'b071318e-6ce8-5612-9257-9432f795e370', 'Bạn có thể chia sẻ thêm ví dụ cụ thể không?', '2026-07-26 04:17:00+00', '2026-07-26 04:17:00+00');"
comments,"INSERT INTO public.comments (id, post_id, author_id, parent_comment_id, content, created_at, updated_at) VALUES ('d680a281-40f5-50c3-9837-9b50eb7251b6', '4e1ccf52-94c2-5951-8bb6-2c396e391aed', '899db740-a298-5cc0-9e15-8aa564b6d0f9', NULL, 'Mình đã thử cách này khoảng hai tuần và thấy dễ duy trì hơn so với học dồn.', '2026-07-20 06:53:00+00', '2026-07-20 06:53:00+00');"
comments,"INSERT INTO public.comments (id, post_id, author_id, parent_comment_id, content, created_at, updated_at) VALUES ('d7ef8bdc-152f-5998-9723-18443c06c03c', '615596ea-3235-542c-b608-a4618e5c66ac', 'ab6a7953-9869-5067-a715-7769252b6c26', NULL, 'Bạn có thể ghi lại lỗi lặp lại nhiều lần rồi ưu tiên sửa nhóm lỗi đó trước.', '2026-08-07 17:47:00+00', '2026-08-07 17:47:00+00');"
comments,"INSERT INTO public.comments (id, post_id, author_id, parent_comment_id, content, created_at, updated_at) VALUES ('d8a311c4-caf7-5ecb-80d1-86a976713149', 'e01964c0-6b1c-5917-871b-221269b84cdf', '576872c0-f337-5ba7-9829-c94744a9c0d4', NULL, 'Mình cũng từng gặp vấn đề này. Cách mình làm là chia nhỏ từng bước rồi kiểm tra lại sau mỗi buổi học.', '2026-07-05 23:05:00+00', '2026-07-05 23:05:00+00');"
comments,"INSERT INTO public.comments (id, post_id, author_id, parent_comment_id, content, created_at, updated_at) VALUES ('e63c92ad-849f-531a-9115-647c483b79c5', 'c59dcbab-2d68-59c8-8c3a-32b31787738c', '5e5e8c92-e428-553d-8eb0-83dca5aab6ea', NULL, 'Cách này khá ổn. Quan trọng là giữ dữ liệu hoặc ghi chú nhất quán để dễ so sánh tiến bộ.', '2026-07-23 17:07:00+00', '2026-07-23 17:07:00+00');"
comments,"INSERT INTO public.comments (id, post_id, author_id, parent_comment_id, content, created_at, updated_at) VALUES ('ea502f25-c6f0-5a27-a419-51c8a9e1f424', '077e9785-8bed-5bbe-ae2f-c59012950ac6', '5e5e8c92-e428-553d-8eb0-83dca5aab6ea', NULL, 'Theo mình nên bắt đầu từ một ví dụ cụ thể, sau đó mới rút ra quy tắc chung.', '2026-08-04 15:47:00+00', '2026-08-04 15:47:00+00');"
comments,"INSERT INTO public.comments (id, post_id, author_id, parent_comment_id, content, created_at, updated_at) VALUES ('f16f9aca-1f82-5248-aeab-f5803588c17e', '615596ea-3235-542c-b608-a4618e5c66ac', '39431362-143d-5960-8b5d-647c21229e00', '59bfc4b5-b2c5-5afc-b0f5-10a1160ab218', 'Mình cũng đang làm gần giống vậy và thấy khá hiệu quả.', '2026-08-07 14:47:00+00', '2026-08-07 14:47:00+00');"
comments,"INSERT INTO public.comments (id, post_id, author_id, parent_comment_id, content, created_at, updated_at) VALUES ('fb8e182b-9a8b-56f4-82f1-ce9179e6ab0e', '4ed05faa-f77b-538d-ad8e-a64f0e93d197', '82f508c0-6ced-5b31-8a1e-bf6d9d66bdd5', NULL, 'Bạn có thể ghi lại lỗi lặp lại nhiều lần rồi ưu tiên sửa nhóm lỗi đó trước.', '2026-08-10 03:03:00+00', '2026-08-10 03:03:00+00');"
comments,"INSERT INTO public.comments (id, post_id, author_id, parent_comment_id, content, created_at, updated_at) VALUES ('fec34f0e-144c-56ef-ace6-298b5543def6', '4e1ccf52-94c2-5951-8bb6-2c396e391aed', '9c2b8656-23fa-540a-89fb-52a8237998cb', NULL, 'Mình cũng từng gặp vấn đề này. Cách mình làm là chia nhỏ từng bước rồi kiểm tra lại sau mỗi buổi học.', '2026-07-20 01:53:00+00', '2026-07-20 01:53:00+00');"
forum_categories,"INSERT INTO public.forum_categories (id, name, description, created_at) VALUES ('092fe508-9c7d-5eaa-af54-97637fc17cc2', '[MOCK 42] IELTS', 'Trao đổi về IELTS và kỹ năng tiếng Anh học thuật.', '2026-02-02 10:45:00+00');"
forum_categories,"INSERT INTO public.forum_categories (id, name, description, created_at) VALUES ('0ef829e5-233a-5c5d-a969-4d590a504ba5', '[MOCK 42] Business', 'Kinh doanh, marketing và quản trị.', '2026-04-07 23:35:00+00');"
forum_categories,"INSERT INTO public.forum_categories (id, name, description, created_at) VALUES ('288eb74b-e5e8-4ad7-82fd-2aa941063007', 'Networking', 'Computer networks, infrastructure and security', '2026-08-07 01:04:41.8366+00');"
forum_categories,"INSERT INTO public.forum_categories (id, name, description, created_at) VALUES ('3140e163-3bfa-4a6a-bf0d-c14237c84064', 'AI', 'Artificial intelligence and machine learning', '2026-08-07 01:04:41.8366+00');"
forum_categories,"INSERT INTO public.forum_categories (id, name, description, created_at) VALUES ('49879006-edb2-5297-b31b-9448cc0fe009', '[MOCK 42] Programming', 'Lập trình, backend, frontend và software engineering.', '2026-03-22 19:36:00+00');"
forum_categories,"INSERT INTO public.forum_categories (id, name, description, created_at) VALUES ('556fe6dc-6a4a-4320-bc0c-564d460def1c', 'Programming', 'Programming, algorithms, software development', '2026-08-07 01:04:41.8366+00');"
forum_categories,"INSERT INTO public.forum_categories (id, name, description, created_at) VALUES ('7723e353-396b-4a9f-9154-f877913e5f9d', 'Japanese', 'Japanese language and Japan-related learning', '2026-08-07 01:04:41.8366+00');"
forum_categories,"INSERT INTO public.forum_categories (id, name, description, created_at) VALUES ('85044052-4346-4acc-84cd-88f3245db3a2', 'Software Engineering', 'Software engineering, testing and system design', '2026-08-07 01:04:41.8366+00');"
forum_categories,"INSERT INTO public.forum_categories (id, name, description, created_at) VALUES ('b0e6d923-b135-5f23-ae1e-bcd1293cf18f', '[MOCK 42] Mathematics', 'Toán học, xác suất và thống kê.', '2026-03-08 13:16:00+00');"
forum_categories,"INSERT INTO public.forum_categories (id, name, description, created_at) VALUES ('bfde739c-fe6e-5a06-892d-143ea16739da', '[MOCK 42] English', 'Học tiếng Anh nói chung.', '2026-01-31 02:17:00+00');"
forum_categories,"INSERT INTO public.forum_categories (id, name, description, created_at) VALUES ('db222738-c08c-44e3-8947-4d188f4d334d', 'General Study', 'General study and learning discussions', '2026-08-07 01:04:41.8366+00');"
forum_categories,"INSERT INTO public.forum_categories (id, name, description, created_at) VALUES ('e3fc3129-f0ea-5234-b56f-b03054950654', '[MOCK 42] Science', 'Các chủ đề khoa học.', '2026-03-02 08:46:00+00');"
forum_posts,"INSERT INTO public.forum_posts (id, author_id, category_id, title, content, image_path, created_at, updated_at, deleted_at) VALUES ('077e9785-8bed-5bbe-ae2f-c59012950ac6', 'ab6a7953-9869-5067-a715-7769252b6c26', '092fe508-9c7d-5eaa-af54-97637fc17cc2', 'Cách cải thiện coherence trong Writing Task 2? #9', 'Mình đang luyện Task 2 và muốn cải thiện cách nối ý giữa các câu. Mọi người thường kiểm tra coherence như thế nào?', NULL, '2026-08-04 12:47:00+00', '2026-08-04 12:47:00+00', NULL);"
forum_posts,"INSERT INTO public.forum_posts (id, author_id, category_id, title, content, image_path, created_at, updated_at, deleted_at) VALUES ('2bee4ae4-168a-5b4d-aba6-c9af30508fa5', 'a82bd13f-54bb-53cb-bca5-2d3ef7ec5333', '0ef829e5-233a-5c5d-a969-4d590a504ba5', 'Cách đọc dashboard marketing', 'Khi xem dashboard marketing, metric nào nên nhìn trước để tránh bị ngợp bởi quá nhiều số liệu?', NULL, '2026-07-26 13:56:00+00', '2026-07-26 13:56:00+00', NULL);"
forum_posts,"INSERT INTO public.forum_posts (id, author_id, category_id, title, content, image_path, created_at, updated_at, deleted_at) VALUES ('4e1ccf52-94c2-5951-8bb6-2c396e391aed', 'f4d9935b-45af-5692-84f6-f1edce54a954', 'bfde739c-fe6e-5a06-892d-143ea16739da', 'Luyện từ vựng theo context #14', 'Mình muốn chuyển từ học danh sách từ sang học theo context. Có workflow nào dễ duy trì mỗi ngày không?', NULL, '2026-07-19 12:53:00+00', '2026-07-19 12:53:00+00', NULL);"
forum_posts,"INSERT INTO public.forum_posts (id, author_id, category_id, title, content, image_path, created_at, updated_at, deleted_at) VALUES ('4ed05faa-f77b-538d-ad8e-a64f0e93d197', 'ab6a7953-9869-5067-a715-7769252b6c26', 'b0e6d923-b135-5f23-ae1e-bcd1293cf18f', 'Mẹo nhớ công thức confidence interval', 'Có cách nào hiểu trực giác confidence interval thay vì chỉ học thuộc công thức không?', NULL, '2026-08-09 19:03:00+00', '2026-08-09 19:03:00+00', NULL);"
forum_posts,"INSERT INTO public.forum_posts (id, author_id, category_id, title, content, image_path, created_at, updated_at, deleted_at) VALUES ('615596ea-3235-542c-b608-a4618e5c66ac', 'a82bd13f-54bb-53cb-bca5-2d3ef7ec5333', '0ef829e5-233a-5c5d-a969-4d590a504ba5', 'Cách đọc dashboard marketing #16', 'Khi xem dashboard marketing, metric nào nên nhìn trước để tránh bị ngợp bởi quá nhiều số liệu?', NULL, '2026-08-07 09:47:00+00', '2026-08-07 09:47:00+00', NULL);"
forum_posts,"INSERT INTO public.forum_posts (id, author_id, category_id, title, content, image_path, created_at, updated_at, deleted_at) VALUES ('6342c84a-9ea8-5004-ab08-31b14060804e', 'ab6a7953-9869-5067-a715-7769252b6c26', '092fe508-9c7d-5eaa-af54-97637fc17cc2', 'Cách cải thiện coherence trong Writing Task 2?', 'Mình đang luyện Task 2 và muốn cải thiện cách nối ý giữa các câu. Mọi người thường kiểm tra coherence như thế nào?', NULL, '2026-07-09 09:18:00+00', '2026-07-09 09:18:00+00', NULL);"
forum_posts,"INSERT INTO public.forum_posts (id, author_id, category_id, title, content, image_path, created_at, updated_at, deleted_at) VALUES ('74b6a7a2-c4cd-579b-b4e6-3ecf47715f6e', '5e5e8c92-e428-553d-8eb0-83dca5aab6ea', '49879006-edb2-5297-b31b-9448cc0fe009', 'FastAPI service layer nên tổ chức thế nào? #11', 'Mình đang tách route, service và CRUD trong FastAPI. Mọi người thường đặt transaction và business logic ở layer nào?', NULL, '2026-07-17 17:23:00+00', '2026-07-17 17:23:00+00', NULL);"
forum_posts,"INSERT INTO public.forum_posts (id, author_id, category_id, title, content, image_path, created_at, updated_at, deleted_at) VALUES ('9854bbe7-1c07-5b72-bab5-8af5fa3266cd', '5e5e8c92-e428-553d-8eb0-83dca5aab6ea', '49879006-edb2-5297-b31b-9448cc0fe009', 'FastAPI service layer nên tổ chức thế nào?', 'Mình đang tách route, service và CRUD trong FastAPI. Mọi người thường đặt transaction và business logic ở layer nào?', NULL, '2026-07-18 23:25:00+00', '2026-07-18 23:25:00+00', NULL);"
forum_posts,"INSERT INTO public.forum_posts (id, author_id, category_id, title, content, image_path, created_at, updated_at, deleted_at) VALUES ('adbd3fc7-9465-5a04-87a6-adba807f9e20', 'f4d9935b-45af-5692-84f6-f1edce54a954', '092fe508-9c7d-5eaa-af54-97637fc17cc2', 'Nguồn luyện Speaking Part 3 #10', 'Mọi người có nguồn nào để luyện Speaking Part 3 theo chủ đề và có câu trả lời mẫu tự nhiên không?', NULL, '2026-07-28 07:07:00+00', '2026-07-28 07:07:00+00', NULL);"
forum_posts,"INSERT INTO public.forum_posts (id, author_id, category_id, title, content, image_path, created_at, updated_at, deleted_at) VALUES ('c59dcbab-2d68-59c8-8c3a-32b31787738c', 'f4d9935b-45af-5692-84f6-f1edce54a954', 'bfde739c-fe6e-5a06-892d-143ea16739da', 'Luyện từ vựng theo context', 'Mình muốn chuyển từ học danh sách từ sang học theo context. Có workflow nào dễ duy trì mỗi ngày không?', NULL, '2026-07-23 09:07:00+00', '2026-07-23 09:07:00+00', NULL);"
forum_posts,"INSERT INTO public.forum_posts (id, author_id, category_id, title, content, image_path, created_at, updated_at, deleted_at) VALUES ('d3fcd2b6-965a-5b83-b2dd-1bdf44a2f600', 'a82bd13f-54bb-53cb-bca5-2d3ef7ec5333', '49879006-edb2-5297-b31b-9448cc0fe009', 'SQLAlchemy relationship hay query explicit? #12', 'Với API có nhiều bảng liên quan, mọi người ưu tiên relationship hay viết query explicit để dễ kiểm soát hiệu năng?', NULL, '2026-08-06 18:06:00+00', '2026-08-06 18:06:00+00', NULL);"
forum_posts,"INSERT INTO public.forum_posts (id, author_id, category_id, title, content, image_path, created_at, updated_at, deleted_at) VALUES ('da959288-cf01-5298-9eb6-73fb29a2c148', 'a82bd13f-54bb-53cb-bca5-2d3ef7ec5333', '49879006-edb2-5297-b31b-9448cc0fe009', 'SQLAlchemy relationship hay query explicit?', 'Với API có nhiều bảng liên quan, mọi người ưu tiên relationship hay viết query explicit để dễ kiểm soát hiệu năng?', NULL, '2026-07-25 13:17:00+00', '2026-07-25 13:17:00+00', NULL);"
forum_posts,"INSERT INTO public.forum_posts (id, author_id, category_id, title, content, image_path, created_at, updated_at, deleted_at) VALUES ('ddb7ac4c-00b9-5076-90ce-8c383caf9158', '5e5e8c92-e428-553d-8eb0-83dca5aab6ea', 'e3fc3129-f0ea-5234-b56f-b03054950654', 'Tài liệu nhập môn machine learning #15', 'Mình đã biết Python cơ bản và đang tìm lộ trình học machine learning từ nền tảng.', NULL, '2026-07-11 23:50:00+00', '2026-07-11 23:50:00+00', NULL);"
forum_posts,"INSERT INTO public.forum_posts (id, author_id, category_id, title, content, image_path, created_at, updated_at, deleted_at) VALUES ('e01964c0-6b1c-5917-871b-221269b84cdf', 'ab6a7953-9869-5067-a715-7769252b6c26', 'b0e6d923-b135-5f23-ae1e-bcd1293cf18f', 'Mẹo nhớ công thức confidence interval #13', 'Có cách nào hiểu trực giác confidence interval thay vì chỉ học thuộc công thức không?', NULL, '2026-07-05 10:05:00+00', '2026-07-05 10:05:00+00', NULL);"
forum_posts,"INSERT INTO public.forum_posts (id, author_id, category_id, title, content, image_path, created_at, updated_at, deleted_at) VALUES ('e092855f-8a50-5cf3-9eda-55a1df13eaba', 'f4d9935b-45af-5692-84f6-f1edce54a954', '092fe508-9c7d-5eaa-af54-97637fc17cc2', 'Nguồn luyện Speaking Part 3', 'Mọi người có nguồn nào để luyện Speaking Part 3 theo chủ đề và có câu trả lời mẫu tự nhiên không?', NULL, '2026-07-25 19:25:00+00', '2026-07-25 19:25:00+00', NULL);"
forum_posts,"INSERT INTO public.forum_posts (id, author_id, category_id, title, content, image_path, created_at, updated_at, deleted_at) VALUES ('fd974085-85da-5a7a-bc95-3a5b0013fc2e', '5e5e8c92-e428-553d-8eb0-83dca5aab6ea', 'e3fc3129-f0ea-5234-b56f-b03054950654', 'Tài liệu nhập môn machine learning', 'Mình đã biết Python cơ bản và đang tìm lộ trình học machine learning từ nền tảng.', NULL, '2026-07-20 06:31:00+00', '2026-07-20 06:31:00+00', NULL);"
group_members,"INSERT INTO public.group_members (id, group_id, user_id, role, status, joined_at) VALUES ('0011f9a4-7866-5fd8-8509-9f3429690a22', '6d2c9b37-e7aa-5ab8-a570-a62b416a85d7', '17c60ccb-402d-52f1-a71b-abd4e79568de', 'moderator', 'active', '2026-06-28 11:41:00+00');"
group_members,"INSERT INTO public.group_members (id, group_id, user_id, role, status, joined_at) VALUES ('073f0ec6-4e66-5167-a000-002050e8b437', '2d30c071-249c-5a54-b59e-7e811bc98699', '3875e58e-1aaf-503b-9975-57353ee608b5', 'moderator', 'active', '2026-06-30 21:05:00+00');"
group_members,"INSERT INTO public.group_members (id, group_id, user_id, role, status, joined_at) VALUES ('08bfadc0-01ee-5838-932d-ecd3a25a45c5', '2d30c071-249c-5a54-b59e-7e811bc98699', '9c2b8656-23fa-540a-89fb-52a8237998cb', 'member', 'active', '2026-06-27 08:05:00+00');"
group_members,"INSERT INTO public.group_members (id, group_id, user_id, role, status, joined_at) VALUES ('0c99f546-2f56-5617-bbb0-802d5aacad13', '6d2c9b37-e7aa-5ab8-a570-a62b416a85d7', '4b2d2857-16f0-501a-9c56-f196f4f3ee9f', 'member', 'active', '2026-06-28 19:41:00+00');"
group_members,"INSERT INTO public.group_members (id, group_id, user_id, role, status, joined_at) VALUES ('0f2f1db2-d7da-5515-8062-aa8d49a0c503', 'a25afa91-2bfd-57e9-ab13-f86f70296bf1', 'ec88a567-d365-538a-9df6-6214908dcc40', 'member', 'active', '2026-06-24 23:47:00+00');"
group_members,"INSERT INTO public.group_members (id, group_id, user_id, role, status, joined_at) VALUES ('11ddb3ac-e505-5ca9-9213-40196e75e373', '6d2c9b37-e7aa-5ab8-a570-a62b416a85d7', '6a20fca4-1847-59a7-bef0-9a4f50cf394f', 'member', 'active', '2026-06-29 04:41:00+00');"
group_members,"INSERT INTO public.group_members (id, group_id, user_id, role, status, joined_at) VALUES ('15736b75-1af2-5f83-865b-04069f8312cf', '2d30c071-249c-5a54-b59e-7e811bc98699', '5e5e8c92-e428-553d-8eb0-83dca5aab6ea', 'member', 'active', '2026-06-29 08:05:00+00');"
group_members,"INSERT INTO public.group_members (id, group_id, user_id, role, status, joined_at) VALUES ('19946a48-28dd-5e80-8b05-e3507664cb64', 'a25afa91-2bfd-57e9-ab13-f86f70296bf1', '2184a872-fcf3-5c92-a0ed-a48bc01af254', 'member', 'active', '2026-06-29 01:47:00+00');"
group_members,"INSERT INTO public.group_members (id, group_id, user_id, role, status, joined_at) VALUES ('1b246636-f033-5d69-9e35-599c13a534fa', '2d30c071-249c-5a54-b59e-7e811bc98699', '6a20fca4-1847-59a7-bef0-9a4f50cf394f', 'member', 'active', '2026-06-21 03:05:00+00');"
group_members,"INSERT INTO public.group_members (id, group_id, user_id, role, status, joined_at) VALUES ('3fceff70-e2d5-53ad-b63b-99dcef2d4d98', 'a25afa91-2bfd-57e9-ab13-f86f70296bf1', '82f508c0-6ced-5b31-8a1e-bf6d9d66bdd5', 'member', 'active', '2026-06-27 20:47:00+00');"
group_members,"INSERT INTO public.group_members (id, group_id, user_id, role, status, joined_at) VALUES ('4e563532-fea1-5e20-94c3-6605a08cffe3', '2d30c071-249c-5a54-b59e-7e811bc98699', 'f1688f25-6602-5f02-8c17-04d0722ed018', 'moderator', 'active', '2026-07-01 01:05:00+00');"
group_members,"INSERT INTO public.group_members (id, group_id, user_id, role, status, joined_at) VALUES ('516dec09-51fa-5aea-868a-bc81c00c014c', '6d2c9b37-e7aa-5ab8-a570-a62b416a85d7', 'ab6a7953-9869-5067-a715-7769252b6c26', 'member', 'active', '2026-07-08 02:41:00+00');"
group_members,"INSERT INTO public.group_members (id, group_id, user_id, role, status, joined_at) VALUES ('5d4e6340-44bb-5d15-b45c-310dde3f3d58', 'a25afa91-2bfd-57e9-ab13-f86f70296bf1', '5e5e8c92-e428-553d-8eb0-83dca5aab6ea', 'moderator', 'active', '2026-06-20 03:47:00+00');"
group_members,"INSERT INTO public.group_members (id, group_id, user_id, role, status, joined_at) VALUES ('67085670-a5b1-5a5c-93c3-6ab9a1bdf75f', '2d30c071-249c-5a54-b59e-7e811bc98699', '576872c0-f337-5ba7-9829-c94744a9c0d4', 'member', 'active', '2026-06-20 12:05:00+00');"
group_members,"INSERT INTO public.group_members (id, group_id, user_id, role, status, joined_at) VALUES ('6b8b5d68-5c48-5a5a-b4d3-9a8a3c1308ea', 'a25afa91-2bfd-57e9-ab13-f86f70296bf1', '576872c0-f337-5ba7-9829-c94744a9c0d4', 'member', 'active', '2026-06-29 08:47:00+00');"
group_members,"INSERT INTO public.group_members (id, group_id, user_id, role, status, joined_at) VALUES ('6e6daf5c-f41e-5f3c-af55-63fa74ff0451', '2d30c071-249c-5a54-b59e-7e811bc98699', 'b64bcfa5-c9e0-5907-8f39-22eb4c80fc6d', 'member', 'left', '2026-06-28 02:05:00+00');"
group_members,"INSERT INTO public.group_members (id, group_id, user_id, role, status, joined_at) VALUES ('7035777a-c893-579e-aedd-5dd12ac92c11', '31ec634b-66e1-5bcf-9628-ac9ad32edc1b', '576872c0-f337-5ba7-9829-c94744a9c0d4', 'member', 'active', '2026-06-30 03:45:00+00');"
group_members,"INSERT INTO public.group_members (id, group_id, user_id, role, status, joined_at) VALUES ('7ccce85a-6d22-48c7-82a8-4a4e6a614e73', '6d2c9b37-e7aa-5ab8-a570-a62b416a85d7', '576872c0-f337-5ba7-9829-c94744a9c0d4', 'owner', 'active', '2026-08-10 10:19:57.516967+00');"
group_members,"INSERT INTO public.group_members (id, group_id, user_id, role, status, joined_at) VALUES ('7d7bcc24-0582-5e78-8801-aa1769282bc2', '6d2c9b37-e7aa-5ab8-a570-a62b416a85d7', '2184a872-fcf3-5c92-a0ed-a48bc01af254', 'member', 'active', '2026-07-05 12:41:00+00');"
group_members,"INSERT INTO public.group_members (id, group_id, user_id, role, status, joined_at) VALUES ('804065f5-f416-552a-9e00-8b5bcf1ef2cf', '6d2c9b37-e7aa-5ab8-a570-a62b416a85d7', 'de446ab5-1774-599f-9ec2-89735259618f', 'member', 'active', '2026-06-28 14:41:00+00');"
group_members,"INSERT INTO public.group_members (id, group_id, user_id, role, status, joined_at) VALUES ('815b5031-162d-4a6a-b17a-2dbb0590a97d', '2d30c071-249c-5a54-b59e-7e811bc98699', 'ab6a7953-9869-5067-a715-7769252b6c26', 'owner', 'active', '2026-08-10 10:19:57.516967+00');"
group_members,"INSERT INTO public.group_members (id, group_id, user_id, role, status, joined_at) VALUES ('8dc9c2de-1c56-480d-a932-801a5ed546ca', '31ec634b-66e1-5bcf-9628-ac9ad32edc1b', 'b64bcfa5-c9e0-5907-8f39-22eb4c80fc6d', 'owner', 'active', '2026-08-10 10:19:57.516967+00');"
group_members,"INSERT INTO public.group_members (id, group_id, user_id, role, status, joined_at) VALUES ('98ab366c-4927-5616-a4a9-d5e7337df56a', '2d30c071-249c-5a54-b59e-7e811bc98699', 'ec88a567-d365-538a-9df6-6214908dcc40', 'member', 'active', '2026-06-20 03:05:00+00');"
group_members,"INSERT INTO public.group_members (id, group_id, user_id, role, status, joined_at) VALUES ('ac365914-879a-57e9-8fff-32344afb1624', 'a25afa91-2bfd-57e9-ab13-f86f70296bf1', '39431362-143d-5960-8b5d-647c21229e00', 'member', 'active', '2026-06-19 23:47:00+00');"
group_members,"INSERT INTO public.group_members (id, group_id, user_id, role, status, joined_at) VALUES ('bb80f779-a6fc-54b2-8b52-385481c11f66', 'a25afa91-2bfd-57e9-ab13-f86f70296bf1', 'a82bd13f-54bb-53cb-bca5-2d3ef7ec5333', 'member', 'active', '2026-06-23 19:47:00+00');"
group_members,"INSERT INTO public.group_members (id, group_id, user_id, role, status, joined_at) VALUES ('c05c27ed-339f-56fa-99d2-76efe25ac842', '31ec634b-66e1-5bcf-9628-ac9ad32edc1b', 'a82bd13f-54bb-53cb-bca5-2d3ef7ec5333', 'moderator', 'active', '2026-06-25 01:45:00+00');"
group_members,"INSERT INTO public.group_members (id, group_id, user_id, role, status, joined_at) VALUES ('c61d0098-a4f0-55ea-8d87-6bfb63179772', 'a25afa91-2bfd-57e9-ab13-f86f70296bf1', '23b4137c-c4fa-508d-9c1c-0bcbebc02f68', 'moderator', 'active', '2026-06-26 19:47:00+00');"
group_members,"INSERT INTO public.group_members (id, group_id, user_id, role, status, joined_at) VALUES ('cd19eda1-433a-504b-93ad-2c0dacbe5df7', '31ec634b-66e1-5bcf-9628-ac9ad32edc1b', '23b4137c-c4fa-508d-9c1c-0bcbebc02f68', 'member', 'active', '2026-06-29 01:45:00+00');"
group_members,"INSERT INTO public.group_members (id, group_id, user_id, role, status, joined_at) VALUES ('f3dc8f46-9fa0-4dd3-b32c-5fbb0d395072', 'a25afa91-2bfd-57e9-ab13-f86f70296bf1', 'eabe8433-844d-57c8-93c5-a451778f6b1e', 'owner', 'active', '2026-08-10 10:19:57.516967+00');"
group_members,"INSERT INTO public.group_members (id, group_id, user_id, role, status, joined_at) VALUES ('ff288c57-be27-5617-86b7-b74c02065aee', '6d2c9b37-e7aa-5ab8-a570-a62b416a85d7', 'a82bd13f-54bb-53cb-bca5-2d3ef7ec5333', 'moderator', 'active', '2026-07-05 05:41:00+00');"
group_members,"INSERT INTO public.group_members (id, group_id, user_id, role, status, joined_at) VALUES ('ff490894-7f0d-5405-b715-8e8e139e1101', '6d2c9b37-e7aa-5ab8-a570-a62b416a85d7', '3875e58e-1aaf-503b-9975-57353ee608b5', 'member', 'active', '2026-06-25 21:41:00+00');"
groups,"INSERT INTO public.groups (id, name, description, avatar_url, owner_id, invite_code, is_public, created_at, updated_at) VALUES ('2d30c071-249c-5a54-b59e-7e811bc98699', 'Python Backend Lab #2', 'Học FastAPI, SQLAlchemy, PostgreSQL và API design.', 'https://api.dicebear.com/9.x/shapes/svg?seed=group2', 'ab6a7953-9869-5067-a715-7769252b6c26', 'MOCK0042002', 'true', '2026-06-18 16:05:00+00', '2026-06-18 16:05:00+00');"
groups,"INSERT INTO public.groups (id, name, description, avatar_url, owner_id, invite_code, is_public, created_at, updated_at) VALUES ('31ec634b-66e1-5bcf-9628-ac9ad32edc1b', 'Data Structures Club #3', 'Ôn cấu trúc dữ liệu, thuật toán và coding interview.', 'https://api.dicebear.com/9.x/shapes/svg?seed=group3', 'b64bcfa5-c9e0-5907-8f39-22eb4c80fc6d', 'MOCK0042003', 'false', '2026-06-21 08:45:00+00', '2026-06-30 08:45:00+00');"
groups,"INSERT INTO public.groups (id, name, description, avatar_url, owner_id, invite_code, is_public, created_at, updated_at) VALUES ('6d2c9b37-e7aa-5ab8-a570-a62b416a85d7', 'English Speaking Daily #4', 'Luyện phản xạ nói tiếng Anh mỗi ngày.', 'https://api.dicebear.com/9.x/shapes/svg?seed=group4', '576872c0-f337-5ba7-9829-c94744a9c0d4', 'MOCK0042004', 'true', '2026-06-25 11:41:00+00', '2026-07-01 11:41:00+00');"
groups,"INSERT INTO public.groups (id, name, description, avatar_url, owner_id, invite_code, is_public, created_at, updated_at) VALUES ('a25afa91-2bfd-57e9-ab13-f86f70296bf1', 'IELTS 7.0 Study Squad #1', 'Cùng luyện IELTS Writing, Speaking và chia sẻ tài liệu.', 'https://api.dicebear.com/9.x/shapes/svg?seed=group1', 'eabe8433-844d-57c8-93c5-a451778f6b1e', 'MOCK0042001', 'true', '2026-06-17 07:47:00+00', '2026-06-26 07:47:00+00');"
messages,"INSERT INTO public.messages (id, channel_id, sender_id, content, attachment_path, created_at, updated_at) VALUES ('01b76731-051c-5ab9-a8d6-950b43961e80', '89f220d9-e2a1-53e9-8a56-cb1bcb524383', 'a82bd13f-54bb-53cb-bca5-2d3ef7ec5333', 'Tớ vừa upload tài liệu mới vào folder resources nhé.', NULL, '2026-06-27 14:41:00+00', '2026-06-27 14:41:00+00');"
messages,"INSERT INTO public.messages (id, channel_id, sender_id, content, attachment_path, created_at, updated_at) VALUES ('0327c280-5e5e-5b52-916c-eede963d1192', '2f21dd49-de22-5779-9c8f-fea2c311ca02', '6a20fca4-1847-59a7-bef0-9a4f50cf394f', 'Deadline tuần này là thứ Sáu đúng không mọi người?', NULL, '2026-06-29 19:41:00+00', '2026-06-29 19:41:00+00');"
messages,"INSERT INTO public.messages (id, channel_id, sender_id, content, attachment_path, created_at, updated_at) VALUES ('043d1d88-cd5b-5427-a736-923fad76d676', '7a9d1a07-3b92-501d-a910-ff8947451623', '3875e58e-1aaf-503b-9975-57353ee608b5', 'Deadline tuần này là thứ Sáu đúng không mọi người?', NULL, '2026-06-21 02:05:00+00', '2026-06-21 02:05:00+00');"
messages,"INSERT INTO public.messages (id, channel_id, sender_id, content, attachment_path, created_at, updated_at) VALUES ('0518f180-58ea-5b5d-b95a-29db9ac29ea5', '3a599694-d834-5b68-bfd4-0588532682b2', '576872c0-f337-5ba7-9829-c94744a9c0d4', 'Mình đang mắc ở bài này, lát nữa gửi câu hỏi chi tiết.', NULL, '2026-06-18 04:47:00+00', '2026-06-18 04:47:00+00');"
messages,"INSERT INTO public.messages (id, channel_id, sender_id, content, attachment_path, created_at, updated_at) VALUES ('05bd3ecb-61e9-567e-9c42-21f7904ac846', '75dcaaee-6a69-52a3-b59a-f955e3cc510f', 'b64bcfa5-c9e0-5907-8f39-22eb4c80fc6d', 'Mọi người nhớ cập nhật tiến độ trước buổi học nhé.', 'message-attachments/31ec634b-66e1-5bcf-9628-ac9ad32edc1b/75dcaaee-6a69-52a3-b59a-f955e3cc510f/mock_117.pdf', '2026-06-25 11:45:00+00', '2026-06-25 11:45:00+00');"
messages,"INSERT INTO public.messages (id, channel_id, sender_id, content, attachment_path, created_at, updated_at) VALUES ('06ba9624-2bd7-527a-8915-1d0821dda0c4', 'c6779c86-c683-5e9d-9049-8da4dac19f52', 'a82bd13f-54bb-53cb-bca5-2d3ef7ec5333', 'Mình đang mắc ở bài này, lát nữa gửi câu hỏi chi tiết.', NULL, '2026-06-23 03:45:00+00', '2026-06-23 03:45:00+00');"
messages,"INSERT INTO public.messages (id, channel_id, sender_id, content, attachment_path, created_at, updated_at) VALUES ('084116a7-f7ac-591b-83f0-84cc1d208ead', '75908dd3-f8c4-5e5b-b11e-91a29e816b4b', 'a82bd13f-54bb-53cb-bca5-2d3ef7ec5333', 'Mình đang mắc ở bài này, lát nữa gửi câu hỏi chi tiết.', NULL, '2026-06-21 14:45:00+00', '2026-06-21 14:45:00+00');"
messages,"INSERT INTO public.messages (id, channel_id, sender_id, content, attachment_path, created_at, updated_at) VALUES ('0abc1ec1-8bff-515e-927b-3a7135d5d9a6', '28d79746-4055-5b2c-aece-d37ac1512c23', 'a82bd13f-54bb-53cb-bca5-2d3ef7ec5333', 'Tớ vừa upload tài liệu mới vào folder resources nhé.', 'message-attachments/a25afa91-2bfd-57e9-ab13-f86f70296bf1/28d79746-4055-5b2c-aece-d37ac1512c23/mock_27.pdf', '2026-06-19 09:47:00+00', '2026-06-19 09:47:00+00');"
messages,"INSERT INTO public.messages (id, channel_id, sender_id, content, attachment_path, created_at, updated_at) VALUES ('0be75a93-b8b8-5b72-8a30-3128a249f975', '89f220d9-e2a1-53e9-8a56-cb1bcb524383', '576872c0-f337-5ba7-9829-c94744a9c0d4', 'Mình đang mắc ở bài này, lát nữa gửi câu hỏi chi tiết.', NULL, '2026-06-27 22:41:00+00', '2026-06-27 22:41:00+00');"
messages,"INSERT INTO public.messages (id, channel_id, sender_id, content, attachment_path, created_at, updated_at) VALUES ('0cb93255-7308-56e6-b1f8-ae5ee08a641d', 'b952ce52-be22-56f9-bb5c-ba2500b8cbe9', '17c60ccb-402d-52f1-a71b-abd4e79568de', 'Mọi người hôm nay học phần nào rồi?', NULL, '2026-06-30 04:41:00+00', '2026-06-30 04:41:00+00');"
messages,"INSERT INTO public.messages (id, channel_id, sender_id, content, attachment_path, created_at, updated_at) VALUES ('0d890577-3cdb-5f98-9f90-40210cb30b6f', 'b4157e88-6142-5d67-956a-a43b8f059148', 'a82bd13f-54bb-53cb-bca5-2d3ef7ec5333', 'Mình đang mắc ở bài này, lát nữa gửi câu hỏi chi tiết.', NULL, '2026-06-20 11:47:00+00', '2026-06-20 11:47:00+00');"
messages,"INSERT INTO public.messages (id, channel_id, sender_id, content, attachment_path, created_at, updated_at) VALUES ('0e11e533-e428-5175-9ab5-caf8ce2f504c', 'd9b812dc-194e-5d91-bb27-f8c516f7be23', 'ab6a7953-9869-5067-a715-7769252b6c26', 'Ai rảnh tối nay vào study room học chung không?', NULL, '2026-06-19 13:05:00+00', '2026-06-19 13:05:00+00');"
messages,"INSERT INTO public.messages (id, channel_id, sender_id, content, attachment_path, created_at, updated_at) VALUES ('0e145e4f-bc2b-524b-9921-4ffb86f97792', 'd9b812dc-194e-5d91-bb27-f8c516f7be23', '6a20fca4-1847-59a7-bef0-9a4f50cf394f', 'Mọi người hôm nay học phần nào rồi?', NULL, '2026-06-19 19:05:00+00', '2026-06-19 19:05:00+00');"
messages,"INSERT INTO public.messages (id, channel_id, sender_id, content, attachment_path, created_at, updated_at) VALUES ('0ebb0d94-4250-5816-a1d6-f3db0fbf5db8', '28d79746-4055-5b2c-aece-d37ac1512c23', '23b4137c-c4fa-508d-9c1c-0bcbebc02f68', 'Deadline tuần này là thứ Sáu đúng không mọi người?', NULL, '2026-06-19 07:47:00+00', '2026-06-19 07:47:00+00');"
messages,"INSERT INTO public.messages (id, channel_id, sender_id, content, attachment_path, created_at, updated_at) VALUES ('10454a63-615e-59fe-a931-27a24c5ee6c1', '75dcaaee-6a69-52a3-b59a-f955e3cc510f', 'b64bcfa5-c9e0-5907-8f39-22eb4c80fc6d', 'Mọi người hôm nay học phần nào rồi?', NULL, '2026-06-25 02:45:00+00', '2026-06-25 02:45:00+00');"
messages,"INSERT INTO public.messages (id, channel_id, sender_id, content, attachment_path, created_at, updated_at) VALUES ('11858d55-763a-5e3d-8054-a01de7013454', '3a599694-d834-5b68-bfd4-0588532682b2', 'eabe8433-844d-57c8-93c5-a451778f6b1e', 'Mọi người hôm nay học phần nào rồi?', NULL, '2026-06-18 11:47:00+00', '2026-06-18 11:47:00+00');"
messages,"INSERT INTO public.messages (id, channel_id, sender_id, content, attachment_path, created_at, updated_at) VALUES ('12bb6018-5643-5a68-93c0-d9b019b37fae', 'd9b812dc-194e-5d91-bb27-f8c516f7be23', '6a20fca4-1847-59a7-bef0-9a4f50cf394f', 'Mọi người hôm nay học phần nào rồi?', NULL, '2026-06-18 21:05:00+00', '2026-06-18 21:05:00+00');"
messages,"INSERT INTO public.messages (id, channel_id, sender_id, content, attachment_path, created_at, updated_at) VALUES ('16d69142-cf8f-5dd9-9454-d15c9428b8fd', '4c854bf7-d92e-57b6-8b18-45be26dbfc1a', 'a82bd13f-54bb-53cb-bca5-2d3ef7ec5333', 'Tớ vừa upload tài liệu mới vào folder resources nhé.', NULL, '2026-06-25 06:45:00+00', '2026-06-25 06:45:00+00');"
messages,"INSERT INTO public.messages (id, channel_id, sender_id, content, attachment_path, created_at, updated_at) VALUES ('173367f4-d46e-5c62-ba54-ce2337fc8112', '89f220d9-e2a1-53e9-8a56-cb1bcb524383', '6a20fca4-1847-59a7-bef0-9a4f50cf394f', 'Tớ vừa upload tài liệu mới vào folder resources nhé.', NULL, '2026-06-28 13:41:00+00', '2026-06-28 13:41:00+00');"
messages,"INSERT INTO public.messages (id, channel_id, sender_id, content, attachment_path, created_at, updated_at) VALUES ('18d38202-4ee6-5a8f-8119-2f654bf2201c', '18d2e333-d87a-5265-b7e4-2b332ad58874', 'ab6a7953-9869-5067-a715-7769252b6c26', 'Deadline tuần này là thứ Sáu đúng không mọi người?', NULL, '2026-06-30 07:41:00+00', '2026-06-30 07:41:00+00');"
messages,"INSERT INTO public.messages (id, channel_id, sender_id, content, attachment_path, created_at, updated_at) VALUES ('1920c564-a875-5193-9c84-2cd4057bfecc', 'b952ce52-be22-56f9-bb5c-ba2500b8cbe9', '17c60ccb-402d-52f1-a71b-abd4e79568de', 'Tớ đã xem lại recording và note các ý chính rồi.', NULL, '2026-06-30 15:41:00+00', '2026-06-30 15:41:00+00');"
messages,"INSERT INTO public.messages (id, channel_id, sender_id, content, attachment_path, created_at, updated_at) VALUES ('19a731b5-a30a-5e93-8fde-0b2ad7886d01', '7a9d1a07-3b92-501d-a910-ff8947451623', 'ab6a7953-9869-5067-a715-7769252b6c26', 'Mọi người nhớ cập nhật tiến độ trước buổi học nhé.', NULL, '2026-06-21 14:05:00+00', '2026-06-21 14:05:00+00');"
messages,"INSERT INTO public.messages (id, channel_id, sender_id, content, attachment_path, created_at, updated_at) VALUES ('19e6e394-55b6-5ee6-8244-390c6d497d92', '4c854bf7-d92e-57b6-8b18-45be26dbfc1a', 'b64bcfa5-c9e0-5907-8f39-22eb4c80fc6d', 'Deadline tuần này là thứ Sáu đúng không mọi người?', NULL, '2026-06-24 19:45:00+00', '2026-06-24 19:45:00+00');"
messages,"INSERT INTO public.messages (id, channel_id, sender_id, content, attachment_path, created_at, updated_at) VALUES ('1a6754fd-0df8-5d01-a012-f32d3cff3610', 'ee53cf88-96a1-5d73-bde6-47072fd43ed6', '2184a872-fcf3-5c92-a0ed-a48bc01af254', 'Tớ đã xem lại recording và note các ý chính rồi.', NULL, '2026-06-21 15:47:00+00', '2026-06-21 15:47:00+00');"
messages,"INSERT INTO public.messages (id, channel_id, sender_id, content, attachment_path, created_at, updated_at) VALUES ('21b61c04-b4e7-5649-818c-4e05ec2dff9c', 'b4157e88-6142-5d67-956a-a43b8f059148', '39431362-143d-5960-8b5d-647c21229e00', 'Mọi người hôm nay học phần nào rồi?', NULL, '2026-06-21 04:47:00+00', '2026-06-21 04:47:00+00');"
messages,"INSERT INTO public.messages (id, channel_id, sender_id, content, attachment_path, created_at, updated_at) VALUES ('2213fcfe-3e03-55c9-aa94-74cbd5744cef', 'ee53cf88-96a1-5d73-bde6-47072fd43ed6', '2184a872-fcf3-5c92-a0ed-a48bc01af254', 'Deadline tuần này là thứ Sáu đúng không mọi người?', NULL, '2026-06-22 03:47:00+00', '2026-06-22 03:47:00+00');"
messages,"INSERT INTO public.messages (id, channel_id, sender_id, content, attachment_path, created_at, updated_at) VALUES ('288969c7-0208-5309-a54b-c3168fc165c2', 'b952ce52-be22-56f9-bb5c-ba2500b8cbe9', '6a20fca4-1847-59a7-bef0-9a4f50cf394f', 'Tớ đã xem lại recording và note các ý chính rồi.', NULL, '2026-06-30 08:41:00+00', '2026-06-30 08:41:00+00');"
messages,"INSERT INTO public.messages (id, channel_id, sender_id, content, attachment_path, created_at, updated_at) VALUES ('28a892f6-1293-5c7b-abc9-85626fb46980', '7a9d1a07-3b92-501d-a910-ff8947451623', '9c2b8656-23fa-540a-89fb-52a8237998cb', 'Tớ đã xem lại recording và note các ý chính rồi.', NULL, '2026-06-20 23:05:00+00', '2026-06-20 23:05:00+00');"
messages,"INSERT INTO public.messages (id, channel_id, sender_id, content, attachment_path, created_at, updated_at) VALUES ('2ae8e8f9-cffe-5bdb-9f1f-4da289223787', '4c854bf7-d92e-57b6-8b18-45be26dbfc1a', 'a82bd13f-54bb-53cb-bca5-2d3ef7ec5333', 'Mình đang mắc ở bài này, lát nữa gửi câu hỏi chi tiết.', NULL, '2026-06-24 11:45:00+00', '2026-06-24 11:45:00+00');"
messages,"INSERT INTO public.messages (id, channel_id, sender_id, content, attachment_path, created_at, updated_at) VALUES ('2e6cb338-ee17-568c-a550-e14eabbbc16d', '28d79746-4055-5b2c-aece-d37ac1512c23', '39431362-143d-5960-8b5d-647c21229e00', 'Mọi người nhớ cập nhật tiến độ trước buổi học nhé.', NULL, '2026-06-19 03:47:00+00', '2026-06-19 03:47:00+00');"
messages,"INSERT INTO public.messages (id, channel_id, sender_id, content, attachment_path, created_at, updated_at) VALUES ('2e88d9ce-c7ef-504f-a5ec-77f5bbbcff05', 'ee53cf88-96a1-5d73-bde6-47072fd43ed6', '576872c0-f337-5ba7-9829-c94744a9c0d4', 'Tớ đã xem lại recording và note các ý chính rồi.', NULL, '2026-06-21 12:47:00+00', '2026-06-21 12:47:00+00');"
messages,"INSERT INTO public.messages (id, channel_id, sender_id, content, attachment_path, created_at, updated_at) VALUES ('2e8a0157-f6f6-505b-924a-889451e40d13', '2f21dd49-de22-5779-9c8f-fea2c311ca02', 'ab6a7953-9869-5067-a715-7769252b6c26', 'Mọi người nhớ cập nhật tiến độ trước buổi học nhé.', NULL, '2026-06-29 08:41:00+00', '2026-06-29 08:41:00+00');"
messages,"INSERT INTO public.messages (id, channel_id, sender_id, content, attachment_path, created_at, updated_at) VALUES ('2fc34731-c76c-5626-97b4-73c9aad8ebe2', '18d2e333-d87a-5265-b7e4-2b332ad58874', 'ab6a7953-9869-5067-a715-7769252b6c26', 'Tớ đã xem lại recording và note các ý chính rồi.', NULL, '2026-06-30 12:41:00+00', '2026-06-30 12:41:00+00');"
messages,"INSERT INTO public.messages (id, channel_id, sender_id, content, attachment_path, created_at, updated_at) VALUES ('3038bcc5-c563-56ea-aa67-8a27adade6a6', '2f21dd49-de22-5779-9c8f-fea2c311ca02', '2184a872-fcf3-5c92-a0ed-a48bc01af254', 'Deadline tuần này là thứ Sáu đúng không mọi người?', NULL, '2026-06-28 17:41:00+00', '2026-06-28 17:41:00+00');"
messages,"INSERT INTO public.messages (id, channel_id, sender_id, content, attachment_path, created_at, updated_at) VALUES ('31f3525a-e0ba-5eea-8660-dc9e25ad5552', '18d2e333-d87a-5265-b7e4-2b332ad58874', '576872c0-f337-5ba7-9829-c94744a9c0d4', 'Tớ vừa upload tài liệu mới vào folder resources nhé.', NULL, '2026-06-30 01:41:00+00', '2026-06-30 01:41:00+00');"
messages,"INSERT INTO public.messages (id, channel_id, sender_id, content, attachment_path, created_at, updated_at) VALUES ('35232a6a-11d5-5774-9587-22cd594a94cd', 'b5a6ece7-65c9-5b89-8606-6587d6bf3ce6', '5e5e8c92-e428-553d-8eb0-83dca5aab6ea', 'Phần này tớ hiểu rồi, cảm ơn mọi người.', 'message-attachments/2d30c071-249c-5a54-b59e-7e811bc98699/b5a6ece7-65c9-5b89-8606-6587d6bf3ce6/mock_57.pdf', '2026-06-24 16:05:00+00', '2026-06-24 16:05:00+00');"
messages,"INSERT INTO public.messages (id, channel_id, sender_id, content, attachment_path, created_at, updated_at) VALUES ('35dd5c99-2d18-5721-8cad-daf19a08ff15', '75dcaaee-6a69-52a3-b59a-f955e3cc510f', 'a82bd13f-54bb-53cb-bca5-2d3ef7ec5333', 'Mọi người nhớ cập nhật tiến độ trước buổi học nhé.', NULL, '2026-06-24 16:45:00+00', '2026-06-24 16:45:00+00');"
messages,"INSERT INTO public.messages (id, channel_id, sender_id, content, attachment_path, created_at, updated_at) VALUES ('3f3b409f-377d-50f0-a844-73073dcb097c', '75dcaaee-6a69-52a3-b59a-f955e3cc510f', '576872c0-f337-5ba7-9829-c94744a9c0d4', 'Mọi người nhớ cập nhật tiến độ trước buổi học nhé.', NULL, '2026-06-25 17:45:00+00', '2026-06-25 17:45:00+00');"
messages,"INSERT INTO public.messages (id, channel_id, sender_id, content, attachment_path, created_at, updated_at) VALUES ('45dd1535-338c-5e61-abc7-05281b1e6173', 'c6779c86-c683-5e9d-9049-8da4dac19f52', '23b4137c-c4fa-508d-9c1c-0bcbebc02f68', 'Ai rảnh tối nay vào study room học chung không?', NULL, '2026-06-22 19:45:00+00', '2026-06-22 19:45:00+00');"
messages,"INSERT INTO public.messages (id, channel_id, sender_id, content, attachment_path, created_at, updated_at) VALUES ('46d9181f-ff49-5e3d-8cb8-27eb6cf04525', '75dcaaee-6a69-52a3-b59a-f955e3cc510f', '576872c0-f337-5ba7-9829-c94744a9c0d4', 'Mọi người nhớ cập nhật tiến độ trước buổi học nhé.', NULL, '2026-06-24 21:45:00+00', '2026-06-24 21:45:00+00');"
messages,"INSERT INTO public.messages (id, channel_id, sender_id, content, attachment_path, created_at, updated_at) VALUES ('476a316a-ccda-5f0e-8119-eb3307afa5d9', '89f220d9-e2a1-53e9-8a56-cb1bcb524383', '6a20fca4-1847-59a7-bef0-9a4f50cf394f', 'Tớ vừa upload tài liệu mới vào folder resources nhé.', NULL, '2026-06-27 19:41:00+00', '2026-06-27 19:41:00+00');"
messages,"INSERT INTO public.messages (id, channel_id, sender_id, content, attachment_path, created_at, updated_at) VALUES ('4881bf62-66cc-5667-9b7a-2d3fe1c02496', '4c854bf7-d92e-57b6-8b18-45be26dbfc1a', '23b4137c-c4fa-508d-9c1c-0bcbebc02f68', 'Mọi người hôm nay học phần nào rồi?', NULL, '2026-06-25 13:45:00+00', '2026-06-25 13:45:00+00');"
messages,"INSERT INTO public.messages (id, channel_id, sender_id, content, attachment_path, created_at, updated_at) VALUES ('4994d156-b2f5-5042-ba52-6e4641bb1ccc', 'c6779c86-c683-5e9d-9049-8da4dac19f52', 'b64bcfa5-c9e0-5907-8f39-22eb4c80fc6d', 'Ai rảnh tối nay vào study room học chung không?', NULL, '2026-06-22 15:45:00+00', '2026-06-22 15:45:00+00');"
messages,"INSERT INTO public.messages (id, channel_id, sender_id, content, attachment_path, created_at, updated_at) VALUES ('4adc169b-9425-501f-85d4-9fe22d6d4085', 'd9b812dc-194e-5d91-bb27-f8c516f7be23', '576872c0-f337-5ba7-9829-c94744a9c0d4', 'Phần này tớ hiểu rồi, cảm ơn mọi người.', NULL, '2026-06-19 05:05:00+00', '2026-06-19 05:05:00+00');"
messages,"INSERT INTO public.messages (id, channel_id, sender_id, content, attachment_path, created_at, updated_at) VALUES ('4b1c181a-8649-5b72-aeca-ae0ad94fbe1e', '5ea032d5-6f8d-5b70-9b97-30281b21ae77', '6a20fca4-1847-59a7-bef0-9a4f50cf394f', 'Mọi người nhớ cập nhật tiến độ trước buổi học nhé.', NULL, '2026-06-22 00:05:00+00', '2026-06-22 00:05:00+00');"
messages,"INSERT INTO public.messages (id, channel_id, sender_id, content, attachment_path, created_at, updated_at) VALUES ('4b7d3f85-5018-5185-bae0-c6fab57a00fb', '28d79746-4055-5b2c-aece-d37ac1512c23', '576872c0-f337-5ba7-9829-c94744a9c0d4', 'Tớ đã xem lại recording và note các ý chính rồi.', NULL, '2026-06-18 23:47:00+00', '2026-06-18 23:47:00+00');"
messages,"INSERT INTO public.messages (id, channel_id, sender_id, content, attachment_path, created_at, updated_at) VALUES ('4d56f672-16fa-57c1-b114-0b2cee128ed6', '89f220d9-e2a1-53e9-8a56-cb1bcb524383', 'ab6a7953-9869-5067-a715-7769252b6c26', 'Deadline tuần này là thứ Sáu đúng không mọi người?', 'message-attachments/6d2c9b37-e7aa-5ab8-a570-a62b416a85d7/89f220d9-e2a1-53e9-8a56-cb1bcb524383/mock_127.pdf', '2026-06-28 12:41:00+00', '2026-06-28 12:41:00+00');"
messages,"INSERT INTO public.messages (id, channel_id, sender_id, content, attachment_path, created_at, updated_at) VALUES ('4e1b5753-71de-5301-931a-e585813a893a', 'ee53cf88-96a1-5d73-bde6-47072fd43ed6', 'ec88a567-d365-538a-9df6-6214908dcc40', 'Deadline tuần này là thứ Sáu đúng không mọi người?', NULL, '2026-06-22 00:47:00+00', '2026-06-22 00:47:00+00');"
messages,"INSERT INTO public.messages (id, channel_id, sender_id, content, attachment_path, created_at, updated_at) VALUES ('4e9cc31f-1dac-51c7-b077-d079e181028a', '28d79746-4055-5b2c-aece-d37ac1512c23', '2184a872-fcf3-5c92-a0ed-a48bc01af254', 'Tớ đã xem lại recording và note các ý chính rồi.', NULL, '2026-06-18 21:47:00+00', '2026-06-18 21:47:00+00');"
messages,"INSERT INTO public.messages (id, channel_id, sender_id, content, attachment_path, created_at, updated_at) VALUES ('50603870-672d-5ba3-b395-da74c7f63bc3', 'b952ce52-be22-56f9-bb5c-ba2500b8cbe9', '6a20fca4-1847-59a7-bef0-9a4f50cf394f', 'Mọi người nhớ cập nhật tiến độ trước buổi học nhé.', NULL, '2026-06-30 07:41:00+00', '2026-06-30 07:41:00+00');"
messages,"INSERT INTO public.messages (id, channel_id, sender_id, content, attachment_path, created_at, updated_at) VALUES ('523414cc-6a50-5dc7-9f14-d5fe424fed7f', 'ee53cf88-96a1-5d73-bde6-47072fd43ed6', '576872c0-f337-5ba7-9829-c94744a9c0d4', 'Phần này tớ hiểu rồi, cảm ơn mọi người.', NULL, '2026-06-21 18:47:00+00', '2026-06-21 18:47:00+00');"
messages,"INSERT INTO public.messages (id, channel_id, sender_id, content, attachment_path, created_at, updated_at) VALUES ('52a32f2d-407b-581f-a3d0-9966d79b20ea', 'b5a6ece7-65c9-5b89-8606-6587d6bf3ce6', 'ec88a567-d365-538a-9df6-6214908dcc40', 'Phần này tớ hiểu rồi, cảm ơn mọi người.', NULL, '2026-06-24 13:05:00+00', '2026-06-24 13:05:00+00');"
messages,"INSERT INTO public.messages (id, channel_id, sender_id, content, attachment_path, created_at, updated_at) VALUES ('532ee768-26ce-5aa2-9c59-96e478b6b5b9', 'b4157e88-6142-5d67-956a-a43b8f059148', '5e5e8c92-e428-553d-8eb0-83dca5aab6ea', 'Mọi người hôm nay học phần nào rồi?', 'message-attachments/a25afa91-2bfd-57e9-ab13-f86f70296bf1/b4157e88-6142-5d67-956a-a43b8f059148/mock_17.pdf', '2026-06-21 07:47:00+00', '2026-06-21 07:47:00+00');"
messages,"INSERT INTO public.messages (id, channel_id, sender_id, content, attachment_path, created_at, updated_at) VALUES ('54ae4fe0-524d-54f6-bff6-f64e6ab2b1fb', '18d2e333-d87a-5265-b7e4-2b332ad58874', '3875e58e-1aaf-503b-9975-57353ee608b5', 'Phần này tớ hiểu rồi, cảm ơn mọi người.', NULL, '2026-06-30 21:41:00+00', '2026-06-30 21:41:00+00');"
messages,"INSERT INTO public.messages (id, channel_id, sender_id, content, attachment_path, created_at, updated_at) VALUES ('5524b0a7-1994-51a1-b418-5c5b4982200e', 'ee53cf88-96a1-5d73-bde6-47072fd43ed6', '5e5e8c92-e428-553d-8eb0-83dca5aab6ea', 'Deadline tuần này là thứ Sáu đúng không mọi người?', NULL, '2026-06-22 12:47:00+00', '2026-06-22 12:47:00+00');"
messages,"INSERT INTO public.messages (id, channel_id, sender_id, content, attachment_path, created_at, updated_at) VALUES ('56112576-c714-5112-8231-112d83d9b638', 'c6779c86-c683-5e9d-9049-8da4dac19f52', '576872c0-f337-5ba7-9829-c94744a9c0d4', 'Tớ đã xem lại recording và note các ý chính rồi.', NULL, '2026-06-22 13:45:00+00', '2026-06-22 13:45:00+00');"
messages,"INSERT INTO public.messages (id, channel_id, sender_id, content, attachment_path, created_at, updated_at) VALUES ('562f1fee-914a-54b8-a62e-1a8bdb076738', 'b4157e88-6142-5d67-956a-a43b8f059148', '82f508c0-6ced-5b31-8a1e-bf6d9d66bdd5', 'Phần này tớ hiểu rồi, cảm ơn mọi người.', NULL, '2026-06-21 00:47:00+00', '2026-06-21 00:47:00+00');"
messages,"INSERT INTO public.messages (id, channel_id, sender_id, content, attachment_path, created_at, updated_at) VALUES ('567145c6-3519-51f8-b8a7-1d6d382c9f5d', '7a9d1a07-3b92-501d-a910-ff8947451623', 'f1688f25-6602-5f02-8c17-04d0722ed018', 'Mọi người nhớ cập nhật tiến độ trước buổi học nhé.', NULL, '2026-06-21 04:05:00+00', '2026-06-21 04:05:00+00');"
messages,"INSERT INTO public.messages (id, channel_id, sender_id, content, attachment_path, created_at, updated_at) VALUES ('576709d7-5c4c-517f-9eac-26e24bc63f7a', 'b5a6ece7-65c9-5b89-8606-6587d6bf3ce6', '576872c0-f337-5ba7-9829-c94744a9c0d4', 'Ai rảnh tối nay vào study room học chung không?', NULL, '2026-06-23 22:05:00+00', '2026-06-23 22:05:00+00');"
messages,"INSERT INTO public.messages (id, channel_id, sender_id, content, attachment_path, created_at, updated_at) VALUES ('58804cc3-57f1-5bd6-b9a3-235aa99893e8', 'b5a6ece7-65c9-5b89-8606-6587d6bf3ce6', '9c2b8656-23fa-540a-89fb-52a8237998cb', 'Mình đang mắc ở bài này, lát nữa gửi câu hỏi chi tiết.', NULL, '2026-06-24 20:05:00+00', '2026-06-24 20:05:00+00');"
messages,"INSERT INTO public.messages (id, channel_id, sender_id, content, attachment_path, created_at, updated_at) VALUES ('593c0dc0-a87f-500e-926a-59fb2348acdd', '3a599694-d834-5b68-bfd4-0588532682b2', '5e5e8c92-e428-553d-8eb0-83dca5aab6ea', 'Mình đang mắc ở bài này, lát nữa gửi câu hỏi chi tiết.', NULL, '2026-06-17 18:47:00+00', '2026-06-17 18:47:00+00');"
messages,"INSERT INTO public.messages (id, channel_id, sender_id, content, attachment_path, created_at, updated_at) VALUES ('59482663-155c-5cb4-a954-5f8f6f5bfb96', 'b4157e88-6142-5d67-956a-a43b8f059148', 'a82bd13f-54bb-53cb-bca5-2d3ef7ec5333', 'Ai rảnh tối nay vào study room học chung không?', NULL, '2026-06-21 12:47:00+00', '2026-06-21 12:47:00+00');"
messages,"INSERT INTO public.messages (id, channel_id, sender_id, content, attachment_path, created_at, updated_at) VALUES ('59cd12b2-bd42-5b3c-bfe0-03b9504b3861', 'b5a6ece7-65c9-5b89-8606-6587d6bf3ce6', 'ec88a567-d365-538a-9df6-6214908dcc40', 'Mình đang mắc ở bài này, lát nữa gửi câu hỏi chi tiết.', NULL, '2026-06-24 09:05:00+00', '2026-06-24 09:05:00+00');"
messages,"INSERT INTO public.messages (id, channel_id, sender_id, content, attachment_path, created_at, updated_at) VALUES ('5a907d30-75a0-5bec-87dc-a37f7ec7f1db', 'b952ce52-be22-56f9-bb5c-ba2500b8cbe9', '17c60ccb-402d-52f1-a71b-abd4e79568de', 'Mình đang mắc ở bài này, lát nữa gửi câu hỏi chi tiết.', NULL, '2026-06-29 22:41:00+00', '2026-06-29 22:41:00+00');"
messages,"INSERT INTO public.messages (id, channel_id, sender_id, content, attachment_path, created_at, updated_at) VALUES ('5ba1c598-71c8-5ab9-97bf-7809849f3429', '75dcaaee-6a69-52a3-b59a-f955e3cc510f', '23b4137c-c4fa-508d-9c1c-0bcbebc02f68', 'Mọi người nhớ cập nhật tiến độ trước buổi học nhé.', NULL, '2026-06-24 14:45:00+00', '2026-06-24 14:45:00+00');"
messages,"INSERT INTO public.messages (id, channel_id, sender_id, content, attachment_path, created_at, updated_at) VALUES ('5c0f4d11-9c08-5426-8ea5-66fc99de8c16', 'c6779c86-c683-5e9d-9049-8da4dac19f52', 'a82bd13f-54bb-53cb-bca5-2d3ef7ec5333', 'Mọi người hôm nay học phần nào rồi?', 'message-attachments/31ec634b-66e1-5bcf-9628-ac9ad32edc1b/c6779c86-c683-5e9d-9049-8da4dac19f52/mock_107.pdf', '2026-06-23 10:45:00+00', '2026-06-23 10:45:00+00');"
messages,"INSERT INTO public.messages (id, channel_id, sender_id, content, attachment_path, created_at, updated_at) VALUES ('5cbda0aa-949b-52c3-8e98-0186cf32e94e', '2f21dd49-de22-5779-9c8f-fea2c311ca02', '3875e58e-1aaf-503b-9975-57353ee608b5', 'Deadline tuần này là thứ Sáu đúng không mọi người?', NULL, '2026-06-29 16:41:00+00', '2026-06-29 16:41:00+00');"
messages,"INSERT INTO public.messages (id, channel_id, sender_id, content, attachment_path, created_at, updated_at) VALUES ('5cc733ed-1243-5fde-8035-b5fec51f97c4', '2f21dd49-de22-5779-9c8f-fea2c311ca02', 'de446ab5-1774-599f-9ec2-89735259618f', 'Phần này tớ hiểu rồi, cảm ơn mọi người.', NULL, '2026-06-28 19:41:00+00', '2026-06-28 19:41:00+00');"
messages,"INSERT INTO public.messages (id, channel_id, sender_id, content, attachment_path, created_at, updated_at) VALUES ('5e204988-a8ee-516d-b8ba-fa508cba292b', 'b4157e88-6142-5d67-956a-a43b8f059148', 'eabe8433-844d-57c8-93c5-a451778f6b1e', 'Tớ vừa upload tài liệu mới vào folder resources nhé.', NULL, '2026-06-21 15:47:00+00', '2026-06-21 15:47:00+00');"
messages,"INSERT INTO public.messages (id, channel_id, sender_id, content, attachment_path, created_at, updated_at) VALUES ('60fa63d0-4cdb-5d82-afe2-ca5e226022eb', '75908dd3-f8c4-5e5b-b11e-91a29e816b4b', 'a82bd13f-54bb-53cb-bca5-2d3ef7ec5333', 'Mình đang mắc ở bài này, lát nữa gửi câu hỏi chi tiết.', NULL, '2026-06-22 06:45:00+00', '2026-06-22 06:45:00+00');"
messages,"INSERT INTO public.messages (id, channel_id, sender_id, content, attachment_path, created_at, updated_at) VALUES ('641494a7-7282-5595-838a-f697decbabc1', '7a9d1a07-3b92-501d-a910-ff8947451623', 'ab6a7953-9869-5067-a715-7769252b6c26', 'Tớ đã xem lại recording và note các ý chính rồi.', NULL, '2026-06-22 02:05:00+00', '2026-06-22 02:05:00+00');"
messages,"INSERT INTO public.messages (id, channel_id, sender_id, content, attachment_path, created_at, updated_at) VALUES ('6473a60d-77f6-56c7-8a31-84ae39734bee', '2f21dd49-de22-5779-9c8f-fea2c311ca02', '6a20fca4-1847-59a7-bef0-9a4f50cf394f', 'Phần này tớ hiểu rồi, cảm ơn mọi người.', NULL, '2026-06-29 09:41:00+00', '2026-06-29 09:41:00+00');"
messages,"INSERT INTO public.messages (id, channel_id, sender_id, content, attachment_path, created_at, updated_at) VALUES ('64fe0c10-f1ba-583e-8d34-0e860a9d9892', 'b4157e88-6142-5d67-956a-a43b8f059148', '82f508c0-6ced-5b31-8a1e-bf6d9d66bdd5', 'Mọi người nhớ cập nhật tiến độ trước buổi học nhé.', NULL, '2026-06-20 16:47:00+00', '2026-06-20 16:47:00+00');"
messages,"INSERT INTO public.messages (id, channel_id, sender_id, content, attachment_path, created_at, updated_at) VALUES ('6803c340-ad53-5a01-95a6-0b07ce453b0a', '28d79746-4055-5b2c-aece-d37ac1512c23', 'eabe8433-844d-57c8-93c5-a451778f6b1e', 'Tớ vừa upload tài liệu mới vào folder resources nhé.', NULL, '2026-06-19 12:47:00+00', '2026-06-19 12:47:00+00');"
messages,"INSERT INTO public.messages (id, channel_id, sender_id, content, attachment_path, created_at, updated_at) VALUES ('681b37cc-8d8e-5b51-b260-660a842bad58', 'd9b812dc-194e-5d91-bb27-f8c516f7be23', '9c2b8656-23fa-540a-89fb-52a8237998cb', 'Mình đang mắc ở bài này, lát nữa gửi câu hỏi chi tiết.', NULL, '2026-06-19 21:05:00+00', '2026-06-19 21:05:00+00');"
messages,"INSERT INTO public.messages (id, channel_id, sender_id, content, attachment_path, created_at, updated_at) VALUES ('6a890fd7-28c6-5b0c-9168-5fe207fc8fda', '7a9d1a07-3b92-501d-a910-ff8947451623', '576872c0-f337-5ba7-9829-c94744a9c0d4', 'Deadline tuần này là thứ Sáu đúng không mọi người?', NULL, '2026-06-21 17:05:00+00', '2026-06-21 17:05:00+00');"
messages,"INSERT INTO public.messages (id, channel_id, sender_id, content, attachment_path, created_at, updated_at) VALUES ('6eac4c22-937e-5f28-9e0d-bc14bfdaf552', '3a599694-d834-5b68-bfd4-0588532682b2', '39431362-143d-5960-8b5d-647c21229e00', 'Phần này tớ hiểu rồi, cảm ơn mọi người.', NULL, '2026-06-17 21:47:00+00', '2026-06-17 21:47:00+00');"
messages,"INSERT INTO public.messages (id, channel_id, sender_id, content, attachment_path, created_at, updated_at) VALUES ('6f3425cb-60f4-5534-978b-919406e72afa', '3a599694-d834-5b68-bfd4-0588532682b2', '2184a872-fcf3-5c92-a0ed-a48bc01af254', 'Tớ vừa upload tài liệu mới vào folder resources nhé.', 'message-attachments/a25afa91-2bfd-57e9-ab13-f86f70296bf1/3a599694-d834-5b68-bfd4-0588532682b2/mock_7.pdf', '2026-06-18 07:47:00+00', '2026-06-18 07:47:00+00');"
messages,"INSERT INTO public.messages (id, channel_id, sender_id, content, attachment_path, created_at, updated_at) VALUES ('72d47339-9b22-503d-9e3b-c1a224727a9d', '3a599694-d834-5b68-bfd4-0588532682b2', '2184a872-fcf3-5c92-a0ed-a48bc01af254', 'Mọi người nhớ cập nhật tiến độ trước buổi học nhé.', NULL, '2026-06-17 15:47:00+00', '2026-06-17 15:47:00+00');"
messages,"INSERT INTO public.messages (id, channel_id, sender_id, content, attachment_path, created_at, updated_at) VALUES ('74a44085-b70c-5221-8d56-e96671d3f983', '4c854bf7-d92e-57b6-8b18-45be26dbfc1a', 'b64bcfa5-c9e0-5907-8f39-22eb4c80fc6d', 'Mình đang mắc ở bài này, lát nữa gửi câu hỏi chi tiết.', NULL, '2026-06-25 01:45:00+00', '2026-06-25 01:45:00+00');"
messages,"INSERT INTO public.messages (id, channel_id, sender_id, content, attachment_path, created_at, updated_at) VALUES ('74c69638-a9b2-56b6-84e3-0cdf6a8b4def', '89f220d9-e2a1-53e9-8a56-cb1bcb524383', '3875e58e-1aaf-503b-9975-57353ee608b5', 'Ai rảnh tối nay vào study room học chung không?', NULL, '2026-06-28 01:41:00+00', '2026-06-28 01:41:00+00');"
messages,"INSERT INTO public.messages (id, channel_id, sender_id, content, attachment_path, created_at, updated_at) VALUES ('77f68b28-66c8-55de-9c2d-e99a9f9cabca', 'd9b812dc-194e-5d91-bb27-f8c516f7be23', '3875e58e-1aaf-503b-9975-57353ee608b5', 'Mọi người nhớ cập nhật tiến độ trước buổi học nhé.', NULL, '2026-06-18 20:05:00+00', '2026-06-18 20:05:00+00');"
messages,"INSERT INTO public.messages (id, channel_id, sender_id, content, attachment_path, created_at, updated_at) VALUES ('78a47637-8948-5c21-94dc-e8a23cddf7f4', '7a9d1a07-3b92-501d-a910-ff8947451623', 'ab6a7953-9869-5067-a715-7769252b6c26', 'Mọi người hôm nay học phần nào rồi?', 'message-attachments/2d30c071-249c-5a54-b59e-7e811bc98699/7a9d1a07-3b92-501d-a910-ff8947451623/mock_77.pdf', '2026-06-21 20:05:00+00', '2026-06-21 20:05:00+00');"
messages,"INSERT INTO public.messages (id, channel_id, sender_id, content, attachment_path, created_at, updated_at) VALUES ('7e1ab43c-fcb6-59bb-825b-0c706791609b', '3a599694-d834-5b68-bfd4-0588532682b2', '82f508c0-6ced-5b31-8a1e-bf6d9d66bdd5', 'Mọi người hôm nay học phần nào rồi?', NULL, '2026-06-17 13:47:00+00', '2026-06-17 13:47:00+00');"
messages,"INSERT INTO public.messages (id, channel_id, sender_id, content, attachment_path, created_at, updated_at) VALUES ('7edcd45c-b894-5a85-8357-627c29834bbb', '5ea032d5-6f8d-5b70-9b97-30281b21ae77', 'ec88a567-d365-538a-9df6-6214908dcc40', 'Mình đang mắc ở bài này, lát nữa gửi câu hỏi chi tiết.', 'message-attachments/2d30c071-249c-5a54-b59e-7e811bc98699/5ea032d5-6f8d-5b70-9b97-30281b21ae77/mock_67.pdf', '2026-06-22 19:05:00+00', '2026-06-22 19:05:00+00');"
messages,"INSERT INTO public.messages (id, channel_id, sender_id, content, attachment_path, created_at, updated_at) VALUES ('7efcf6be-1dc3-551a-8a0c-9fe6c1baec87', '2f21dd49-de22-5779-9c8f-fea2c311ca02', '6a20fca4-1847-59a7-bef0-9a4f50cf394f', 'Tớ vừa upload tài liệu mới vào folder resources nhé.', NULL, '2026-06-29 00:41:00+00', '2026-06-29 00:41:00+00');"
messages,"INSERT INTO public.messages (id, channel_id, sender_id, content, attachment_path, created_at, updated_at) VALUES ('7f416356-1549-5bdc-bff3-ea256349bfeb', '7a9d1a07-3b92-501d-a910-ff8947451623', '9c2b8656-23fa-540a-89fb-52a8237998cb', 'Mình đang mắc ở bài này, lát nữa gửi câu hỏi chi tiết.', NULL, '2026-06-21 22:05:00+00', '2026-06-21 22:05:00+00');"
messages,"INSERT INTO public.messages (id, channel_id, sender_id, content, attachment_path, created_at, updated_at) VALUES ('7fb75f0a-7a7f-5e2e-8116-577b2d188ea8', '18d2e333-d87a-5265-b7e4-2b332ad58874', '576872c0-f337-5ba7-9829-c94744a9c0d4', 'Mình đang mắc ở bài này, lát nữa gửi câu hỏi chi tiết.', NULL, '2026-06-29 21:41:00+00', '2026-06-29 21:41:00+00');"
messages,"INSERT INTO public.messages (id, channel_id, sender_id, content, attachment_path, created_at, updated_at) VALUES ('7fffabbd-7d71-56ef-b885-9972e7fb1b7c', 'c6779c86-c683-5e9d-9049-8da4dac19f52', 'a82bd13f-54bb-53cb-bca5-2d3ef7ec5333', 'Mọi người hôm nay học phần nào rồi?', NULL, '2026-06-23 07:45:00+00', '2026-06-23 07:45:00+00');"
messages,"INSERT INTO public.messages (id, channel_id, sender_id, content, attachment_path, created_at, updated_at) VALUES ('80e37b6c-1a35-5694-8714-7e925d8d7e26', 'ee53cf88-96a1-5d73-bde6-47072fd43ed6', 'ec88a567-d365-538a-9df6-6214908dcc40', 'Deadline tuần này là thứ Sáu đúng không mọi người?', NULL, '2026-06-21 23:47:00+00', '2026-06-21 23:47:00+00');"
messages,"INSERT INTO public.messages (id, channel_id, sender_id, content, attachment_path, created_at, updated_at) VALUES ('8125bd43-52ff-5527-a89d-ad915868d8af', '75908dd3-f8c4-5e5b-b11e-91a29e816b4b', 'a82bd13f-54bb-53cb-bca5-2d3ef7ec5333', 'Phần này tớ hiểu rồi, cảm ơn mọi người.', NULL, '2026-06-22 02:45:00+00', '2026-06-22 02:45:00+00');"
messages,"INSERT INTO public.messages (id, channel_id, sender_id, content, attachment_path, created_at, updated_at) VALUES ('81dbaca9-9c79-5186-bf53-a0adf597ce56', '75908dd3-f8c4-5e5b-b11e-91a29e816b4b', '576872c0-f337-5ba7-9829-c94744a9c0d4', 'Phần này tớ hiểu rồi, cảm ơn mọi người.', 'message-attachments/31ec634b-66e1-5bcf-9628-ac9ad32edc1b/75908dd3-f8c4-5e5b-b11e-91a29e816b4b/mock_97.pdf', '2026-06-22 10:45:00+00', '2026-06-22 10:45:00+00');"
messages,"INSERT INTO public.messages (id, channel_id, sender_id, content, attachment_path, created_at, updated_at) VALUES ('82b35c45-91c9-5793-b4d8-0fc6662f2255', '28d79746-4055-5b2c-aece-d37ac1512c23', '39431362-143d-5960-8b5d-647c21229e00', 'Mọi người hôm nay học phần nào rồi?', NULL, '2026-06-18 19:47:00+00', '2026-06-18 19:47:00+00');"
messages,"INSERT INTO public.messages (id, channel_id, sender_id, content, attachment_path, created_at, updated_at) VALUES ('82ee6887-8669-5717-842f-270649f213fe', '3a599694-d834-5b68-bfd4-0588532682b2', '82f508c0-6ced-5b31-8a1e-bf6d9d66bdd5', 'Mọi người nhớ cập nhật tiến độ trước buổi học nhé.', NULL, '2026-06-17 10:47:00+00', '2026-06-17 10:47:00+00');"
messages,"INSERT INTO public.messages (id, channel_id, sender_id, content, attachment_path, created_at, updated_at) VALUES ('835cc7bc-db80-5709-a05a-47248495ad5a', 'b5a6ece7-65c9-5b89-8606-6587d6bf3ce6', '576872c0-f337-5ba7-9829-c94744a9c0d4', 'Mọi người hôm nay học phần nào rồi?', NULL, '2026-06-24 02:05:00+00', '2026-06-24 02:05:00+00');"
messages,"INSERT INTO public.messages (id, channel_id, sender_id, content, attachment_path, created_at, updated_at) VALUES ('842160bf-2b8d-540b-92fb-c473ea8e4939', 'b4157e88-6142-5d67-956a-a43b8f059148', '82f508c0-6ced-5b31-8a1e-bf6d9d66bdd5', 'Ai rảnh tối nay vào study room học chung không?', NULL, '2026-06-20 13:47:00+00', '2026-06-20 13:47:00+00');"
messages,"INSERT INTO public.messages (id, channel_id, sender_id, content, attachment_path, created_at, updated_at) VALUES ('85896196-4aa7-555b-88f6-d8e8ca620521', '18d2e333-d87a-5265-b7e4-2b332ad58874', '576872c0-f337-5ba7-9829-c94744a9c0d4', 'Tớ đã xem lại recording và note các ý chính rồi.', NULL, '2026-06-30 18:41:00+00', '2026-06-30 18:41:00+00');"
messages,"INSERT INTO public.messages (id, channel_id, sender_id, content, attachment_path, created_at, updated_at) VALUES ('85d0cbf8-5abb-5616-b493-928a3090af0d', 'ee53cf88-96a1-5d73-bde6-47072fd43ed6', '576872c0-f337-5ba7-9829-c94744a9c0d4', 'Mình đang mắc ở bài này, lát nữa gửi câu hỏi chi tiết.', 'message-attachments/a25afa91-2bfd-57e9-ab13-f86f70296bf1/ee53cf88-96a1-5d73-bde6-47072fd43ed6/mock_37.pdf', '2026-06-22 10:47:00+00', '2026-06-22 10:47:00+00');"
messages,"INSERT INTO public.messages (id, channel_id, sender_id, content, attachment_path, created_at, updated_at) VALUES ('8720e393-b442-5816-8b80-b1b62fc6fd60', '28d79746-4055-5b2c-aece-d37ac1512c23', '2184a872-fcf3-5c92-a0ed-a48bc01af254', 'Mình đang mắc ở bài này, lát nữa gửi câu hỏi chi tiết.', NULL, '2026-06-19 16:47:00+00', '2026-06-19 16:47:00+00');"
messages,"INSERT INTO public.messages (id, channel_id, sender_id, content, attachment_path, created_at, updated_at) VALUES ('88b6b37b-cc29-54f6-a41b-9e2d1ebb3f0c', '5ea032d5-6f8d-5b70-9b97-30281b21ae77', '6a20fca4-1847-59a7-bef0-9a4f50cf394f', 'Deadline tuần này là thứ Sáu đúng không mọi người?', NULL, '2026-06-22 05:05:00+00', '2026-06-22 05:05:00+00');"
messages,"INSERT INTO public.messages (id, channel_id, sender_id, content, attachment_path, created_at, updated_at) VALUES ('8a9adc19-1690-5708-a37e-ff882edec3cb', '5ea032d5-6f8d-5b70-9b97-30281b21ae77', 'ec88a567-d365-538a-9df6-6214908dcc40', 'Tớ vừa upload tài liệu mới vào folder resources nhé.', NULL, '2026-06-22 16:05:00+00', '2026-06-22 16:05:00+00');"
messages,"INSERT INTO public.messages (id, channel_id, sender_id, content, attachment_path, created_at, updated_at) VALUES ('8bbd813e-8e99-5e75-a22c-c9ff794a61b4', '89f220d9-e2a1-53e9-8a56-cb1bcb524383', '2184a872-fcf3-5c92-a0ed-a48bc01af254', 'Tớ vừa upload tài liệu mới vào folder resources nhé.', NULL, '2026-06-28 17:41:00+00', '2026-06-28 17:41:00+00');"
messages,"INSERT INTO public.messages (id, channel_id, sender_id, content, attachment_path, created_at, updated_at) VALUES ('8c4d7749-1b9b-56e0-be0e-2a9a186ac755', 'b5a6ece7-65c9-5b89-8606-6587d6bf3ce6', '576872c0-f337-5ba7-9829-c94744a9c0d4', 'Tớ đã xem lại recording và note các ý chính rồi.', NULL, '2026-06-24 06:05:00+00', '2026-06-24 06:05:00+00');"
messages,"INSERT INTO public.messages (id, channel_id, sender_id, content, attachment_path, created_at, updated_at) VALUES ('8dc8da2b-8ea4-5613-b87e-1efc45913277', '7a9d1a07-3b92-501d-a910-ff8947451623', 'f1688f25-6602-5f02-8c17-04d0722ed018', 'Mình đang mắc ở bài này, lát nữa gửi câu hỏi chi tiết.', NULL, '2026-06-21 09:05:00+00', '2026-06-21 09:05:00+00');"
messages,"INSERT INTO public.messages (id, channel_id, sender_id, content, attachment_path, created_at, updated_at) VALUES ('8df31f7a-43a1-5784-833c-eb14c26da99c', 'c6779c86-c683-5e9d-9049-8da4dac19f52', 'a82bd13f-54bb-53cb-bca5-2d3ef7ec5333', 'Phần này tớ hiểu rồi, cảm ơn mọi người.', NULL, '2026-06-23 01:45:00+00', '2026-06-23 01:45:00+00');"
messages,"INSERT INTO public.messages (id, channel_id, sender_id, content, attachment_path, created_at, updated_at) VALUES ('8f26f562-22e2-5b8d-bbf5-7dca39ef5e30', '3a599694-d834-5b68-bfd4-0588532682b2', '23b4137c-c4fa-508d-9c1c-0bcbebc02f68', 'Ai rảnh tối nay vào study room học chung không?', NULL, '2026-06-18 01:47:00+00', '2026-06-18 01:47:00+00');"
messages,"INSERT INTO public.messages (id, channel_id, sender_id, content, attachment_path, created_at, updated_at) VALUES ('8f6ae23c-19b9-5a92-8561-a34a5b3cc461', '5ea032d5-6f8d-5b70-9b97-30281b21ae77', '6a20fca4-1847-59a7-bef0-9a4f50cf394f', 'Mọi người nhớ cập nhật tiến độ trước buổi học nhé.', NULL, '2026-06-22 20:05:00+00', '2026-06-22 20:05:00+00');"
messages,"INSERT INTO public.messages (id, channel_id, sender_id, content, attachment_path, created_at, updated_at) VALUES ('9191da66-0c3e-54d8-bf1a-8d049e2a1933', '75908dd3-f8c4-5e5b-b11e-91a29e816b4b', 'a82bd13f-54bb-53cb-bca5-2d3ef7ec5333', 'Tớ đã xem lại recording và note các ý chính rồi.', NULL, '2026-06-21 22:45:00+00', '2026-06-21 22:45:00+00');"
messages,"INSERT INTO public.messages (id, channel_id, sender_id, content, attachment_path, created_at, updated_at) VALUES ('91df8791-b019-5c6b-9b29-69d86a76dbf0', 'c6779c86-c683-5e9d-9049-8da4dac19f52', 'a82bd13f-54bb-53cb-bca5-2d3ef7ec5333', 'Mình đang mắc ở bài này, lát nữa gửi câu hỏi chi tiết.', NULL, '2026-06-23 17:45:00+00', '2026-06-23 17:45:00+00');"
messages,"INSERT INTO public.messages (id, channel_id, sender_id, content, attachment_path, created_at, updated_at) VALUES ('92e18267-f9da-52c9-8f26-0430ef67e6f8', '5ea032d5-6f8d-5b70-9b97-30281b21ae77', '9c2b8656-23fa-540a-89fb-52a8237998cb', 'Tớ đã xem lại recording và note các ý chính rồi.', NULL, '2026-06-22 13:05:00+00', '2026-06-22 13:05:00+00');"
messages,"INSERT INTO public.messages (id, channel_id, sender_id, content, attachment_path, created_at, updated_at) VALUES ('97e7a8f3-7e59-5ded-bbbb-6586663fcb7c', 'b952ce52-be22-56f9-bb5c-ba2500b8cbe9', 'a82bd13f-54bb-53cb-bca5-2d3ef7ec5333', 'Mình đang mắc ở bài này, lát nữa gửi câu hỏi chi tiết.', NULL, '2026-06-29 19:41:00+00', '2026-06-29 19:41:00+00');"
messages,"INSERT INTO public.messages (id, channel_id, sender_id, content, attachment_path, created_at, updated_at) VALUES ('99e6b12a-7c81-54a8-8429-c02c05e9d7e5', '18d2e333-d87a-5265-b7e4-2b332ad58874', 'ab6a7953-9869-5067-a715-7769252b6c26', 'Phần này tớ hiểu rồi, cảm ơn mọi người.', NULL, '2026-06-29 23:41:00+00', '2026-06-29 23:41:00+00');"
messages,"INSERT INTO public.messages (id, channel_id, sender_id, content, attachment_path, created_at, updated_at) VALUES ('9c551b32-fa63-532e-bd1e-f9c2befdda6f', '89f220d9-e2a1-53e9-8a56-cb1bcb524383', '17c60ccb-402d-52f1-a71b-abd4e79568de', 'Mình đang mắc ở bài này, lát nữa gửi câu hỏi chi tiết.', NULL, '2026-06-28 09:41:00+00', '2026-06-28 09:41:00+00');"
messages,"INSERT INTO public.messages (id, channel_id, sender_id, content, attachment_path, created_at, updated_at) VALUES ('9ee8b51b-7f3c-5c40-b24d-601041d4476c', '75908dd3-f8c4-5e5b-b11e-91a29e816b4b', 'b64bcfa5-c9e0-5907-8f39-22eb4c80fc6d', 'Deadline tuần này là thứ Sáu đúng không mọi người?', NULL, '2026-06-22 16:45:00+00', '2026-06-22 16:45:00+00');"
messages,"INSERT INTO public.messages (id, channel_id, sender_id, content, attachment_path, created_at, updated_at) VALUES ('a0db8010-5004-5ba0-9696-bfab65b52ba9', 'd9b812dc-194e-5d91-bb27-f8c516f7be23', 'ec88a567-d365-538a-9df6-6214908dcc40', 'Mọi người hôm nay học phần nào rồi?', NULL, '2026-06-19 08:05:00+00', '2026-06-19 08:05:00+00');"
messages,"INSERT INTO public.messages (id, channel_id, sender_id, content, attachment_path, created_at, updated_at) VALUES ('a1de1964-4428-5f93-b1b5-3084e50c5266', '75908dd3-f8c4-5e5b-b11e-91a29e816b4b', '23b4137c-c4fa-508d-9c1c-0bcbebc02f68', 'Phần này tớ hiểu rồi, cảm ơn mọi người.', NULL, '2026-06-22 12:45:00+00', '2026-06-22 12:45:00+00');"
messages,"INSERT INTO public.messages (id, channel_id, sender_id, content, attachment_path, created_at, updated_at) VALUES ('a454e17d-f2b9-55b9-a3e4-48bb7602ebf3', '75dcaaee-6a69-52a3-b59a-f955e3cc510f', '576872c0-f337-5ba7-9829-c94744a9c0d4', 'Phần này tớ hiểu rồi, cảm ơn mọi người.', NULL, '2026-06-25 13:45:00+00', '2026-06-25 13:45:00+00');"
messages,"INSERT INTO public.messages (id, channel_id, sender_id, content, attachment_path, created_at, updated_at) VALUES ('a48c4ca8-8723-572f-baa3-1fe08d6dd572', '18d2e333-d87a-5265-b7e4-2b332ad58874', '3875e58e-1aaf-503b-9975-57353ee608b5', 'Mọi người nhớ cập nhật tiến độ trước buổi học nhé.', NULL, '2026-06-30 04:41:00+00', '2026-06-30 04:41:00+00');"
messages,"INSERT INTO public.messages (id, channel_id, sender_id, content, attachment_path, created_at, updated_at) VALUES ('a5df082c-cba8-56dc-a8d7-b2ebdd02cfc3', '7a9d1a07-3b92-501d-a910-ff8947451623', '9c2b8656-23fa-540a-89fb-52a8237998cb', 'Deadline tuần này là thứ Sáu đúng không mọi người?', NULL, '2026-06-21 07:05:00+00', '2026-06-21 07:05:00+00');"
messages,"INSERT INTO public.messages (id, channel_id, sender_id, content, attachment_path, created_at, updated_at) VALUES ('a6aa3f4c-4c19-53af-a2a1-34b5b50f2002', 'ee53cf88-96a1-5d73-bde6-47072fd43ed6', '2184a872-fcf3-5c92-a0ed-a48bc01af254', 'Ai rảnh tối nay vào study room học chung không?', NULL, '2026-06-22 06:47:00+00', '2026-06-22 06:47:00+00');"
messages,"INSERT INTO public.messages (id, channel_id, sender_id, content, attachment_path, created_at, updated_at) VALUES ('a6c37913-86e8-52df-83a7-36ebe53ef2c6', '2f21dd49-de22-5779-9c8f-fea2c311ca02', '6a20fca4-1847-59a7-bef0-9a4f50cf394f', 'Phần này tớ hiểu rồi, cảm ơn mọi người.', 'message-attachments/6d2c9b37-e7aa-5ab8-a570-a62b416a85d7/2f21dd49-de22-5779-9c8f-fea2c311ca02/mock_147.pdf', '2026-06-29 12:41:00+00', '2026-06-29 12:41:00+00');"
messages,"INSERT INTO public.messages (id, channel_id, sender_id, content, attachment_path, created_at, updated_at) VALUES ('aa3f4c9d-9134-5e53-8e89-06078008920f', '75908dd3-f8c4-5e5b-b11e-91a29e816b4b', 'a82bd13f-54bb-53cb-bca5-2d3ef7ec5333', 'Ai rảnh tối nay vào study room học chung không?', NULL, '2026-06-21 11:45:00+00', '2026-06-21 11:45:00+00');"
messages,"INSERT INTO public.messages (id, channel_id, sender_id, content, attachment_path, created_at, updated_at) VALUES ('aa457d51-5dab-52a7-b353-575028a26a9d', '75908dd3-f8c4-5e5b-b11e-91a29e816b4b', 'a82bd13f-54bb-53cb-bca5-2d3ef7ec5333', 'Mọi người nhớ cập nhật tiến độ trước buổi học nhé.', NULL, '2026-06-22 01:45:00+00', '2026-06-22 01:45:00+00');"
messages,"INSERT INTO public.messages (id, channel_id, sender_id, content, attachment_path, created_at, updated_at) VALUES ('ab5db5c8-ce58-54a8-b9c1-218d98d66afd', 'b952ce52-be22-56f9-bb5c-ba2500b8cbe9', '576872c0-f337-5ba7-9829-c94744a9c0d4', 'Phần này tớ hiểu rồi, cảm ơn mọi người.', 'message-attachments/6d2c9b37-e7aa-5ab8-a570-a62b416a85d7/b952ce52-be22-56f9-bb5c-ba2500b8cbe9/mock_137.pdf', '2026-06-30 12:41:00+00', '2026-06-30 12:41:00+00');"
messages,"INSERT INTO public.messages (id, channel_id, sender_id, content, attachment_path, created_at, updated_at) VALUES ('afdbacbb-9960-573e-a311-9a9d55d1bf41', 'b5a6ece7-65c9-5b89-8606-6587d6bf3ce6', '3875e58e-1aaf-503b-9975-57353ee608b5', 'Mọi người nhớ cập nhật tiến độ trước buổi học nhé.', NULL, '2026-06-23 20:05:00+00', '2026-06-23 20:05:00+00');"
messages,"INSERT INTO public.messages (id, channel_id, sender_id, content, attachment_path, created_at, updated_at) VALUES ('afe1a9c2-fe7c-5939-aae5-355682435177', 'b952ce52-be22-56f9-bb5c-ba2500b8cbe9', '576872c0-f337-5ba7-9829-c94744a9c0d4', 'Mọi người nhớ cập nhật tiến độ trước buổi học nhé.', NULL, '2026-06-29 15:41:00+00', '2026-06-29 15:41:00+00');"
messages,"INSERT INTO public.messages (id, channel_id, sender_id, content, attachment_path, created_at, updated_at) VALUES ('b114d532-0ba3-5104-bd46-2d3fc3ea1649', '5ea032d5-6f8d-5b70-9b97-30281b21ae77', 'ab6a7953-9869-5067-a715-7769252b6c26', 'Mình đang mắc ở bài này, lát nữa gửi câu hỏi chi tiết.', NULL, '2026-06-23 01:05:00+00', '2026-06-23 01:05:00+00');"
messages,"INSERT INTO public.messages (id, channel_id, sender_id, content, attachment_path, created_at, updated_at) VALUES ('b16760a5-31bd-53d5-94c9-f9db52ebcc27', '28d79746-4055-5b2c-aece-d37ac1512c23', '39431362-143d-5960-8b5d-647c21229e00', 'Tớ vừa upload tài liệu mới vào folder resources nhé.', NULL, '2026-06-18 15:47:00+00', '2026-06-18 15:47:00+00');"
messages,"INSERT INTO public.messages (id, channel_id, sender_id, content, attachment_path, created_at, updated_at) VALUES ('b2112b82-9fe9-5bbf-a78f-9ebc2d62428a', '75dcaaee-6a69-52a3-b59a-f955e3cc510f', '23b4137c-c4fa-508d-9c1c-0bcbebc02f68', 'Ai rảnh tối nay vào study room học chung không?', NULL, '2026-06-24 23:45:00+00', '2026-06-24 23:45:00+00');"
messages,"INSERT INTO public.messages (id, channel_id, sender_id, content, attachment_path, created_at, updated_at) VALUES ('b5f4c86b-74fe-52d5-bd93-bb83f7be3711', '4c854bf7-d92e-57b6-8b18-45be26dbfc1a', 'a82bd13f-54bb-53cb-bca5-2d3ef7ec5333', 'Mọi người nhớ cập nhật tiến độ trước buổi học nhé.', NULL, '2026-06-25 11:45:00+00', '2026-06-25 11:45:00+00');"
messages,"INSERT INTO public.messages (id, channel_id, sender_id, content, attachment_path, created_at, updated_at) VALUES ('b8b6e44c-17f4-52f7-a653-ad94b608541b', '18d2e333-d87a-5265-b7e4-2b332ad58874', '17c60ccb-402d-52f1-a71b-abd4e79568de', 'Mọi người nhớ cập nhật tiến độ trước buổi học nhé.', NULL, '2026-06-29 16:41:00+00', '2026-06-29 16:41:00+00');"
messages,"INSERT INTO public.messages (id, channel_id, sender_id, content, attachment_path, created_at, updated_at) VALUES ('b908fa8b-0d3e-52f2-8487-73209599b5cb', '4c854bf7-d92e-57b6-8b18-45be26dbfc1a', '23b4137c-c4fa-508d-9c1c-0bcbebc02f68', 'Ai rảnh tối nay vào study room học chung không?', NULL, '2026-06-24 22:45:00+00', '2026-06-24 22:45:00+00');"
messages,"INSERT INTO public.messages (id, channel_id, sender_id, content, attachment_path, created_at, updated_at) VALUES ('c3821ad7-a933-5022-b26c-908ed61e95dd', '5ea032d5-6f8d-5b70-9b97-30281b21ae77', '9c2b8656-23fa-540a-89fb-52a8237998cb', 'Tớ vừa upload tài liệu mới vào folder resources nhé.', NULL, '2026-06-21 21:05:00+00', '2026-06-21 21:05:00+00');"
messages,"INSERT INTO public.messages (id, channel_id, sender_id, content, attachment_path, created_at, updated_at) VALUES ('c386b688-be12-5570-90c6-8fc96ae57f17', 'b5a6ece7-65c9-5b89-8606-6587d6bf3ce6', '6a20fca4-1847-59a7-bef0-9a4f50cf394f', 'Tớ vừa upload tài liệu mới vào folder resources nhé.', NULL, '2026-06-24 10:05:00+00', '2026-06-24 10:05:00+00');"
messages,"INSERT INTO public.messages (id, channel_id, sender_id, content, attachment_path, created_at, updated_at) VALUES ('c4ed1d41-febe-5349-a16d-b52ff3134a17', '75dcaaee-6a69-52a3-b59a-f955e3cc510f', 'b64bcfa5-c9e0-5907-8f39-22eb4c80fc6d', 'Mọi người nhớ cập nhật tiến độ trước buổi học nhé.', NULL, '2026-06-25 06:45:00+00', '2026-06-25 06:45:00+00');"
messages,"INSERT INTO public.messages (id, channel_id, sender_id, content, attachment_path, created_at, updated_at) VALUES ('c505552b-c884-5e2d-8405-f3af7c97cc68', '4c854bf7-d92e-57b6-8b18-45be26dbfc1a', 'a82bd13f-54bb-53cb-bca5-2d3ef7ec5333', 'Ai rảnh tối nay vào study room học chung không?', NULL, '2026-06-24 15:45:00+00', '2026-06-24 15:45:00+00');"
messages,"INSERT INTO public.messages (id, channel_id, sender_id, content, attachment_path, created_at, updated_at) VALUES ('c751e0ee-acba-555f-9b81-1ef16aa4294c', '5ea032d5-6f8d-5b70-9b97-30281b21ae77', '9c2b8656-23fa-540a-89fb-52a8237998cb', 'Tớ vừa upload tài liệu mới vào folder resources nhé.', NULL, '2026-06-22 02:05:00+00', '2026-06-22 02:05:00+00');"
messages,"INSERT INTO public.messages (id, channel_id, sender_id, content, attachment_path, created_at, updated_at) VALUES ('c92807e6-543d-585b-8451-2abd36a46495', '5ea032d5-6f8d-5b70-9b97-30281b21ae77', 'ab6a7953-9869-5067-a715-7769252b6c26', 'Mọi người nhớ cập nhật tiến độ trước buổi học nhé.', NULL, '2026-06-22 08:05:00+00', '2026-06-22 08:05:00+00');"
messages,"INSERT INTO public.messages (id, channel_id, sender_id, content, attachment_path, created_at, updated_at) VALUES ('c93e18c2-ddbd-50ac-ae22-49328ba15dc9', 'b5a6ece7-65c9-5b89-8606-6587d6bf3ce6', '5e5e8c92-e428-553d-8eb0-83dca5aab6ea', 'Mình đang mắc ở bài này, lát nữa gửi câu hỏi chi tiết.', NULL, '2026-06-24 22:05:00+00', '2026-06-24 22:05:00+00');"
messages,"INSERT INTO public.messages (id, channel_id, sender_id, content, attachment_path, created_at, updated_at) VALUES ('cb943076-f1ab-5b4e-9d8d-544fe39a08dc', 'd9b812dc-194e-5d91-bb27-f8c516f7be23', '9c2b8656-23fa-540a-89fb-52a8237998cb', 'Deadline tuần này là thứ Sáu đúng không mọi người?', NULL, '2026-06-19 00:05:00+00', '2026-06-19 00:05:00+00');"
messages,"INSERT INTO public.messages (id, channel_id, sender_id, content, attachment_path, created_at, updated_at) VALUES ('cbabb379-f21a-5eaf-981d-76e6ef17360b', 'c6779c86-c683-5e9d-9049-8da4dac19f52', '23b4137c-c4fa-508d-9c1c-0bcbebc02f68', 'Mọi người nhớ cập nhật tiến độ trước buổi học nhé.', NULL, '2026-06-22 21:45:00+00', '2026-06-22 21:45:00+00');"
messages,"INSERT INTO public.messages (id, channel_id, sender_id, content, attachment_path, created_at, updated_at) VALUES ('cdc3e528-bb3a-524c-8f06-b0c0ed9878fe', '2f21dd49-de22-5779-9c8f-fea2c311ca02', 'a82bd13f-54bb-53cb-bca5-2d3ef7ec5333', 'Deadline tuần này là thứ Sáu đúng không mọi người?', NULL, '2026-06-28 23:41:00+00', '2026-06-28 23:41:00+00');"
messages,"INSERT INTO public.messages (id, channel_id, sender_id, content, attachment_path, created_at, updated_at) VALUES ('d0fca7c5-6c2a-5388-ae9f-a1503581bc7e', 'b4157e88-6142-5d67-956a-a43b8f059148', '576872c0-f337-5ba7-9829-c94744a9c0d4', 'Deadline tuần này là thứ Sáu đúng không mọi người?', NULL, '2026-06-20 20:47:00+00', '2026-06-20 20:47:00+00');"
messages,"INSERT INTO public.messages (id, channel_id, sender_id, content, attachment_path, created_at, updated_at) VALUES ('d1aaa252-8e66-5ab8-b262-e31a1956677b', '75dcaaee-6a69-52a3-b59a-f955e3cc510f', '23b4137c-c4fa-508d-9c1c-0bcbebc02f68', 'Ai rảnh tối nay vào study room học chung không?', NULL, '2026-06-25 08:45:00+00', '2026-06-25 08:45:00+00');"
messages,"INSERT INTO public.messages (id, channel_id, sender_id, content, attachment_path, created_at, updated_at) VALUES ('d2eafbe4-c576-552a-876c-49c2388f72f4', '4c854bf7-d92e-57b6-8b18-45be26dbfc1a', 'b64bcfa5-c9e0-5907-8f39-22eb4c80fc6d', 'Tớ đã xem lại recording và note các ý chính rồi.', NULL, '2026-06-24 17:45:00+00', '2026-06-24 17:45:00+00');"
messages,"INSERT INTO public.messages (id, channel_id, sender_id, content, attachment_path, created_at, updated_at) VALUES ('d37bed5d-8b69-5a85-a9e3-b6b9d4c90224', 'b952ce52-be22-56f9-bb5c-ba2500b8cbe9', 'ab6a7953-9869-5067-a715-7769252b6c26', 'Ai rảnh tối nay vào study room học chung không?', NULL, '2026-06-30 19:41:00+00', '2026-06-30 19:41:00+00');"
messages,"INSERT INTO public.messages (id, channel_id, sender_id, content, attachment_path, created_at, updated_at) VALUES ('d83abf96-d470-5eec-82b0-57f6b03bc4ec', '75908dd3-f8c4-5e5b-b11e-91a29e816b4b', 'b64bcfa5-c9e0-5907-8f39-22eb4c80fc6d', 'Ai rảnh tối nay vào study room học chung không?', NULL, '2026-06-21 18:45:00+00', '2026-06-21 18:45:00+00');"
messages,"INSERT INTO public.messages (id, channel_id, sender_id, content, attachment_path, created_at, updated_at) VALUES ('d8eb9f4f-0714-56f4-8077-e95f5c320ade', '3a599694-d834-5b68-bfd4-0588532682b2', '2184a872-fcf3-5c92-a0ed-a48bc01af254', 'Ai rảnh tối nay vào study room học chung không?', NULL, '2026-06-18 12:47:00+00', '2026-06-18 12:47:00+00');"
messages,"INSERT INTO public.messages (id, channel_id, sender_id, content, attachment_path, created_at, updated_at) VALUES ('dd5f8fc0-5af0-52eb-9e0f-61f3af93e6c0', 'd9b812dc-194e-5d91-bb27-f8c516f7be23', '3875e58e-1aaf-503b-9975-57353ee608b5', 'Ai rảnh tối nay vào study room học chung không?', NULL, '2026-06-19 09:05:00+00', '2026-06-19 09:05:00+00');"
messages,"INSERT INTO public.messages (id, channel_id, sender_id, content, attachment_path, created_at, updated_at) VALUES ('df80811a-7c83-53d6-85e9-97d5320ab655', 'c6779c86-c683-5e9d-9049-8da4dac19f52', '576872c0-f337-5ba7-9829-c94744a9c0d4', 'Mọi người nhớ cập nhật tiến độ trước buổi học nhé.', NULL, '2026-06-23 13:45:00+00', '2026-06-23 13:45:00+00');"
messages,"INSERT INTO public.messages (id, channel_id, sender_id, content, attachment_path, created_at, updated_at) VALUES ('f346e9c9-6a64-552e-b79d-c1c090b47bb4', 'b4157e88-6142-5d67-956a-a43b8f059148', '23b4137c-c4fa-508d-9c1c-0bcbebc02f68', 'Deadline tuần này là thứ Sáu đúng không mọi người?', NULL, '2026-06-21 01:47:00+00', '2026-06-21 01:47:00+00');"
messages,"INSERT INTO public.messages (id, channel_id, sender_id, content, attachment_path, created_at, updated_at) VALUES ('f7e39f65-61bd-5856-9ebb-928a75151d93', 'b952ce52-be22-56f9-bb5c-ba2500b8cbe9', '17c60ccb-402d-52f1-a71b-abd4e79568de', 'Deadline tuần này là thứ Sáu đúng không mọi người?', NULL, '2026-06-30 01:41:00+00', '2026-06-30 01:41:00+00');"
messages,"INSERT INTO public.messages (id, channel_id, sender_id, content, attachment_path, created_at, updated_at) VALUES ('f8c04dc7-7203-5491-a956-55ee7a44f157', '89f220d9-e2a1-53e9-8a56-cb1bcb524383', 'ab6a7953-9869-5067-a715-7769252b6c26', 'Mọi người hôm nay học phần nào rồi?', NULL, '2026-06-27 16:41:00+00', '2026-06-27 16:41:00+00');"
messages,"INSERT INTO public.messages (id, channel_id, sender_id, content, attachment_path, created_at, updated_at) VALUES ('f8d00670-0c57-5a82-826c-0934a036952d', '28d79746-4055-5b2c-aece-d37ac1512c23', '2184a872-fcf3-5c92-a0ed-a48bc01af254', 'Tớ vừa upload tài liệu mới vào folder resources nhé.', NULL, '2026-06-18 13:47:00+00', '2026-06-18 13:47:00+00');"
messages,"INSERT INTO public.messages (id, channel_id, sender_id, content, attachment_path, created_at, updated_at) VALUES ('fa1a5c62-d988-530f-aa6b-b120546a7096', 'ee53cf88-96a1-5d73-bde6-47072fd43ed6', 'ec88a567-d365-538a-9df6-6214908dcc40', 'Deadline tuần này là thứ Sáu đúng không mọi người?', NULL, '2026-06-22 16:47:00+00', '2026-06-22 16:47:00+00');"
messages,"INSERT INTO public.messages (id, channel_id, sender_id, content, attachment_path, created_at, updated_at) VALUES ('fa1dcca8-df5d-5fa0-bb5e-81d4143cb183', '2f21dd49-de22-5779-9c8f-fea2c311ca02', '4b2d2857-16f0-501a-9c56-f196f4f3ee9f', 'Mình đang mắc ở bài này, lát nữa gửi câu hỏi chi tiết.', NULL, '2026-06-29 04:41:00+00', '2026-06-29 04:41:00+00');"
messages,"INSERT INTO public.messages (id, channel_id, sender_id, content, attachment_path, created_at, updated_at) VALUES ('fb65ea7c-9148-5267-b026-fa7071ac33a9', '89f220d9-e2a1-53e9-8a56-cb1bcb524383', '3875e58e-1aaf-503b-9975-57353ee608b5', 'Phần này tớ hiểu rồi, cảm ơn mọi người.', NULL, '2026-06-28 04:41:00+00', '2026-06-28 04:41:00+00');"
messages,"INSERT INTO public.messages (id, channel_id, sender_id, content, attachment_path, created_at, updated_at) VALUES ('fbe97b7c-84c9-5c7c-baec-e435f8909460', '4c854bf7-d92e-57b6-8b18-45be26dbfc1a', 'a82bd13f-54bb-53cb-bca5-2d3ef7ec5333', 'Mình đang mắc ở bài này, lát nữa gửi câu hỏi chi tiết.', 'message-attachments/31ec634b-66e1-5bcf-9628-ac9ad32edc1b/4c854bf7-d92e-57b6-8b18-45be26dbfc1a/mock_87.pdf', '2026-06-25 08:45:00+00', '2026-06-25 08:45:00+00');"
messages,"INSERT INTO public.messages (id, channel_id, sender_id, content, attachment_path, created_at, updated_at) VALUES ('fcfeb197-c704-5f6f-8ba7-ce702e4482ee', '18d2e333-d87a-5265-b7e4-2b332ad58874', '576872c0-f337-5ba7-9829-c94744a9c0d4', 'Tớ đã xem lại recording và note các ý chính rồi.', 'message-attachments/6d2c9b37-e7aa-5ab8-a570-a62b416a85d7/18d2e333-d87a-5265-b7e4-2b332ad58874/mock_157.pdf', '2026-06-30 15:41:00+00', '2026-06-30 15:41:00+00');"
messages,"INSERT INTO public.messages (id, channel_id, sender_id, content, attachment_path, created_at, updated_at) VALUES ('fec36dbb-7e60-5290-99c9-c025b2ac3048', 'd9b812dc-194e-5d91-bb27-f8c516f7be23', 'ec88a567-d365-538a-9df6-6214908dcc40', 'Mọi người hôm nay học phần nào rồi?', 'message-attachments/2d30c071-249c-5a54-b59e-7e811bc98699/d9b812dc-194e-5d91-bb27-f8c516f7be23/mock_47.pdf', '2026-06-19 15:05:00+00', '2026-06-19 15:05:00+00');"
notifications,"INSERT INTO public.notifications (id, user_id, type, actor_id, post_id, comment_id, group_id, is_read, created_at) VALUES ('00d8c14b-1edb-52cf-a23e-91b56b1f60cb', '5e5e8c92-e428-553d-8eb0-83dca5aab6ea', 'post_comment', '39431362-143d-5960-8b5d-647c21229e00', 'fd974085-85da-5a7a-bc95-3a5b0013fc2e', '171f2e01-1129-5f2f-98bb-1903b92a16f8', NULL, 'true', '2026-07-20 14:31:00+00');"
notifications,"INSERT INTO public.notifications (id, user_id, type, actor_id, post_id, comment_id, group_id, is_read, created_at) VALUES ('01373a3b-8c59-59fb-bc07-67db097f0ce3', 'f1688f25-6602-5f02-8c17-04d0722ed018', 'comment_reply', '2184a872-fcf3-5c92-a0ed-a48bc01af254', 'da959288-cf01-5298-9eb6-73fb29a2c148', 'd613f456-feed-5558-bc87-ae50161ffd34', NULL, 'true', '2026-07-26 04:17:00+00');"
notifications,"INSERT INTO public.notifications (id, user_id, type, actor_id, post_id, comment_id, group_id, is_read, created_at) VALUES ('019f4911-a03c-58dc-9bcd-38ee14f8b6b1', 'ab6a7953-9869-5067-a715-7769252b6c26', 'post_like', 'b64bcfa5-c9e0-5907-8f39-22eb4c80fc6d', '6342c84a-9ea8-5004-ab08-31b14060804e', NULL, NULL, 'false', '2026-07-10 02:18:00+00');"
notifications,"INSERT INTO public.notifications (id, user_id, type, actor_id, post_id, comment_id, group_id, is_read, created_at) VALUES ('0511a206-6eeb-52a2-9f1b-283568aa5c9b', 'f4d9935b-45af-5692-84f6-f1edce54a954', 'post_like', 'ab6a7953-9869-5067-a715-7769252b6c26', '4e1ccf52-94c2-5951-8bb6-2c396e391aed', NULL, NULL, 'true', '2026-07-22 02:53:00+00');"
notifications,"INSERT INTO public.notifications (id, user_id, type, actor_id, post_id, comment_id, group_id, is_read, created_at) VALUES ('0641793a-24ac-5561-bcc1-fcb9b4629ffd', 'f4d9935b-45af-5692-84f6-f1edce54a954', 'post_comment', '5e5e8c92-e428-553d-8eb0-83dca5aab6ea', 'c59dcbab-2d68-59c8-8c3a-32b31787738c', 'e63c92ad-849f-531a-9115-647c483b79c5', NULL, 'true', '2026-07-23 17:07:00+00');"
notifications,"INSERT INTO public.notifications (id, user_id, type, actor_id, post_id, comment_id, group_id, is_read, created_at) VALUES ('0872b63c-0fd5-54ea-828d-4dc04644a587', 'f4d9935b-45af-5692-84f6-f1edce54a954', 'post_like', '3875e58e-1aaf-503b-9975-57353ee608b5', 'c59dcbab-2d68-59c8-8c3a-32b31787738c', NULL, NULL, 'true', '2026-07-25 18:07:00+00');"
notifications,"INSERT INTO public.notifications (id, user_id, type, actor_id, post_id, comment_id, group_id, is_read, created_at) VALUES ('0db5c698-8664-597e-b282-1478ada7ed00', 'a82bd13f-54bb-53cb-bca5-2d3ef7ec5333', 'post_comment', '39431362-143d-5960-8b5d-647c21229e00', 'da959288-cf01-5298-9eb6-73fb29a2c148', '54dc977c-a809-59c4-8a9d-c820f4f1603f', NULL, 'true', '2026-07-25 16:17:00+00');"
notifications,"INSERT INTO public.notifications (id, user_id, type, actor_id, post_id, comment_id, group_id, is_read, created_at) VALUES ('119f8218-dbad-54df-a36e-298240d040a3', 'ab6a7953-9869-5067-a715-7769252b6c26', 'post_comment', 'a82bd13f-54bb-53cb-bca5-2d3ef7ec5333', 'e01964c0-6b1c-5917-871b-221269b84cdf', '494721ad-07d4-51d9-81a7-3717fa1cd6f7', NULL, 'true', '2026-07-05 18:05:00+00');"
notifications,"INSERT INTO public.notifications (id, user_id, type, actor_id, post_id, comment_id, group_id, is_read, created_at) VALUES ('174e10b9-9662-5c78-b0c8-c9dfd9f04f3f', '5e5e8c92-e428-553d-8eb0-83dca5aab6ea', 'post_comment', '39431362-143d-5960-8b5d-647c21229e00', '9854bbe7-1c07-5b72-bab5-8af5fa3266cd', '26e5b7b8-97fd-5f0e-baca-d842315f23a3', NULL, 'true', '2026-07-19 17:25:00+00');"
notifications,"INSERT INTO public.notifications (id, user_id, type, actor_id, post_id, comment_id, group_id, is_read, created_at) VALUES ('177f0a1a-0422-5ea8-ae4b-b434754363dc', 'a82bd13f-54bb-53cb-bca5-2d3ef7ec5333', 'post_like', '17c60ccb-402d-52f1-a71b-abd4e79568de', '2bee4ae4-168a-5b4d-aba6-c9af30508fa5', NULL, NULL, 'false', '2026-07-27 09:56:00+00');"
notifications,"INSERT INTO public.notifications (id, user_id, type, actor_id, post_id, comment_id, group_id, is_read, created_at) VALUES ('1919a621-05e6-51cc-9a7b-67b204c6787a', '5e5e8c92-e428-553d-8eb0-83dca5aab6ea', 'post_comment', '82f508c0-6ced-5b31-8a1e-bf6d9d66bdd5', '9854bbe7-1c07-5b72-bab5-8af5fa3266cd', '1c98ddf1-a4e5-5cdf-b192-58ce436ba1c3', NULL, 'false', '2026-07-19 12:25:00+00');"
notifications,"INSERT INTO public.notifications (id, user_id, type, actor_id, post_id, comment_id, group_id, is_read, created_at) VALUES ('1cafcfb3-a4b7-5060-901f-fdfdf6476600', '2184a872-fcf3-5c92-a0ed-a48bc01af254', 'group_role_changed', 'eabe8433-844d-57c8-93c5-a451778f6b1e', NULL, NULL, 'a25afa91-2bfd-57e9-ab13-f86f70296bf1', 'false', '2026-06-18 07:47:00+00');"
notifications,"INSERT INTO public.notifications (id, user_id, type, actor_id, post_id, comment_id, group_id, is_read, created_at) VALUES ('1dd9ecb9-be4e-56ee-b09b-64be22b5a312', 'ab6a7953-9869-5067-a715-7769252b6c26', 'post_like', '9c2b8656-23fa-540a-89fb-52a8237998cb', '6342c84a-9ea8-5004-ab08-31b14060804e', NULL, NULL, 'true', '2026-07-12 00:18:00+00');"
notifications,"INSERT INTO public.notifications (id, user_id, type, actor_id, post_id, comment_id, group_id, is_read, created_at) VALUES ('1e9b9239-0d4c-543f-bf1b-abd9eecfce89', '5e5e8c92-e428-553d-8eb0-83dca5aab6ea', 'post_like', '2184a872-fcf3-5c92-a0ed-a48bc01af254', '74b6a7a2-c4cd-579b-b4e6-3ecf47715f6e', NULL, NULL, 'true', '2026-07-20 10:23:00+00');"
notifications,"INSERT INTO public.notifications (id, user_id, type, actor_id, post_id, comment_id, group_id, is_read, created_at) VALUES ('1fe88f44-68ab-5a05-8221-e6bd290e7b68', 'ab6a7953-9869-5067-a715-7769252b6c26', 'post_like', 'ec88a567-d365-538a-9df6-6214908dcc40', '6342c84a-9ea8-5004-ab08-31b14060804e', NULL, NULL, 'false', '2026-07-11 18:18:00+00');"
notifications,"INSERT INTO public.notifications (id, user_id, type, actor_id, post_id, comment_id, group_id, is_read, created_at) VALUES ('20564515-9bb1-55dc-9586-f2d209ffb90c', 'ab6a7953-9869-5067-a715-7769252b6c26', 'post_comment', '5e5e8c92-e428-553d-8eb0-83dca5aab6ea', '077e9785-8bed-5bbe-ae2f-c59012950ac6', 'ea502f25-c6f0-5a27-a419-51c8a9e1f424', NULL, 'false', '2026-08-04 15:47:00+00');"
notifications,"INSERT INTO public.notifications (id, user_id, type, actor_id, post_id, comment_id, group_id, is_read, created_at) VALUES ('2316e15c-3c96-517d-8000-25e7b15960ee', '5e5e8c92-e428-553d-8eb0-83dca5aab6ea', 'post_comment', '82f508c0-6ced-5b31-8a1e-bf6d9d66bdd5', 'fd974085-85da-5a7a-bc95-3a5b0013fc2e', '0d365550-f2f5-5382-96c8-5d208bcb2982', NULL, 'true', '2026-07-21 00:31:00+00');"
notifications,"INSERT INTO public.notifications (id, user_id, type, actor_id, post_id, comment_id, group_id, is_read, created_at) VALUES ('23331404-342f-5988-99a2-a470360d9aa3', 'f4d9935b-45af-5692-84f6-f1edce54a954', 'post_like', 'ec88a567-d365-538a-9df6-6214908dcc40', 'adbd3fc7-9465-5a04-87a6-adba807f9e20', NULL, NULL, 'true', '2026-07-28 08:07:00+00');"
notifications,"INSERT INTO public.notifications (id, user_id, type, actor_id, post_id, comment_id, group_id, is_read, created_at) VALUES ('25ff3bfa-30c7-5a1c-bf7e-61f054ab9e14', 'a82bd13f-54bb-53cb-bca5-2d3ef7ec5333', 'post_like', 'ab6a7953-9869-5067-a715-7769252b6c26', 'd3fcd2b6-965a-5b83-b2dd-1bdf44a2f600', NULL, NULL, 'true', '2026-08-09 14:06:00+00');"
notifications,"INSERT INTO public.notifications (id, user_id, type, actor_id, post_id, comment_id, group_id, is_read, created_at) VALUES ('283a4177-8f42-5b32-8321-7e8193ff3300', 'f4d9935b-45af-5692-84f6-f1edce54a954', 'post_like', '17c60ccb-402d-52f1-a71b-abd4e79568de', '4e1ccf52-94c2-5951-8bb6-2c396e391aed', NULL, NULL, 'true', '2026-07-22 05:53:00+00');"
notifications,"INSERT INTO public.notifications (id, user_id, type, actor_id, post_id, comment_id, group_id, is_read, created_at) VALUES ('2c532db8-06e5-5fc6-97aa-27513bf042f6', 'f4d9935b-45af-5692-84f6-f1edce54a954', 'post_comment', '17c60ccb-402d-52f1-a71b-abd4e79568de', 'e092855f-8a50-5cf3-9eda-55a1df13eaba', '6cddad20-27a8-5027-b956-58b1c5b87554', NULL, 'false', '2026-07-25 22:25:00+00');"
notifications,"INSERT INTO public.notifications (id, user_id, type, actor_id, post_id, comment_id, group_id, is_read, created_at) VALUES ('2cb704b9-0036-5a8f-a240-61eecaaaa559', 'a82bd13f-54bb-53cb-bca5-2d3ef7ec5333', 'post_like', 'f4d9935b-45af-5692-84f6-f1edce54a954', '615596ea-3235-542c-b608-a4618e5c66ac', NULL, NULL, 'true', '2026-08-09 03:47:00+00');"
notifications,"INSERT INTO public.notifications (id, user_id, type, actor_id, post_id, comment_id, group_id, is_read, created_at) VALUES ('2d26669b-766b-5db4-bc15-b68c2a002ae4', '899db740-a298-5cc0-9e15-8aa564b6d0f9', 'comment_reply', '3875e58e-1aaf-503b-9975-57353ee608b5', 'e092855f-8a50-5cf3-9eda-55a1df13eaba', '50663985-6f20-5ba6-9012-fd7da7378cb9', NULL, 'false', '2026-07-26 10:25:00+00');"
notifications,"INSERT INTO public.notifications (id, user_id, type, actor_id, post_id, comment_id, group_id, is_read, created_at) VALUES ('3192e6cb-0460-53d9-80cc-7e6b928968d8', 'ab6a7953-9869-5067-a715-7769252b6c26', 'post_like', '82f508c0-6ced-5b31-8a1e-bf6d9d66bdd5', 'e01964c0-6b1c-5917-871b-221269b84cdf', NULL, NULL, 'true', '2026-07-05 23:05:00+00');"
notifications,"INSERT INTO public.notifications (id, user_id, type, actor_id, post_id, comment_id, group_id, is_read, created_at) VALUES ('34fe8d1e-972e-56ac-ae1c-24284b75dc8f', '576872c0-f337-5ba7-9829-c94744a9c0d4', 'comment_reply', '899db740-a298-5cc0-9e15-8aa564b6d0f9', 'ddb7ac4c-00b9-5076-90ce-8c383caf9158', 'a1efb9d7-6d2b-5877-8e87-e5d60c6f39b8', NULL, 'true', '2026-07-12 09:50:00+00');"
notifications,"INSERT INTO public.notifications (id, user_id, type, actor_id, post_id, comment_id, group_id, is_read, created_at) VALUES ('3603c90b-5960-560c-a587-b1fe5b8ed50c', '5e5e8c92-e428-553d-8eb0-83dca5aab6ea', 'post_like', '39431362-143d-5960-8b5d-647c21229e00', '9854bbe7-1c07-5b72-bab5-8af5fa3266cd', NULL, NULL, 'false', '2026-07-20 05:25:00+00');"
notifications,"INSERT INTO public.notifications (id, user_id, type, actor_id, post_id, comment_id, group_id, is_read, created_at) VALUES ('37238fcd-c194-5ee4-8515-89ff30fa8a70', '5e5e8c92-e428-553d-8eb0-83dca5aab6ea', 'post_comment', '6a20fca4-1847-59a7-bef0-9a4f50cf394f', 'fd974085-85da-5a7a-bc95-3a5b0013fc2e', '8285735b-8be6-534c-9e8d-5e13d92433ac', NULL, 'true', '2026-07-20 09:31:00+00');"
notifications,"INSERT INTO public.notifications (id, user_id, type, actor_id, post_id, comment_id, group_id, is_read, created_at) VALUES ('37f69704-38fa-5c8b-8953-7bca3ebb913c', 'f4d9935b-45af-5692-84f6-f1edce54a954', 'post_like', 'a82bd13f-54bb-53cb-bca5-2d3ef7ec5333', '4e1ccf52-94c2-5951-8bb6-2c396e391aed', NULL, NULL, 'true', '2026-07-22 12:53:00+00');"
notifications,"INSERT INTO public.notifications (id, user_id, type, actor_id, post_id, comment_id, group_id, is_read, created_at) VALUES ('3949247a-5330-5dd1-9adc-5c5af3e334bc', '5e5e8c92-e428-553d-8eb0-83dca5aab6ea', 'post_like', '9c2b8656-23fa-540a-89fb-52a8237998cb', '9854bbe7-1c07-5b72-bab5-8af5fa3266cd', NULL, NULL, 'false', '2026-07-20 18:25:00+00');"
notifications,"INSERT INTO public.notifications (id, user_id, type, actor_id, post_id, comment_id, group_id, is_read, created_at) VALUES ('395177ae-6188-5d59-9b15-c58d2885f8bf', 'a82bd13f-54bb-53cb-bca5-2d3ef7ec5333', 'post_like', '39431362-143d-5960-8b5d-647c21229e00', 'da959288-cf01-5298-9eb6-73fb29a2c148', NULL, NULL, 'true', '2026-07-25 19:17:00+00');"
notifications,"INSERT INTO public.notifications (id, user_id, type, actor_id, post_id, comment_id, group_id, is_read, created_at) VALUES ('3c6938fa-ed3c-504a-a229-4618c79a7af9', 'a82bd13f-54bb-53cb-bca5-2d3ef7ec5333', 'post_comment', 'f4d9935b-45af-5692-84f6-f1edce54a954', '2bee4ae4-168a-5b4d-aba6-c9af30508fa5', 'b6f10a47-a5dc-5a59-b364-4c8c1580fa9b', NULL, 'true', '2026-07-26 21:56:00+00');"
notifications,"INSERT INTO public.notifications (id, user_id, type, actor_id, post_id, comment_id, group_id, is_read, created_at) VALUES ('3c69fa49-4e47-57ba-97c9-1270858cda29', 'f4d9935b-45af-5692-84f6-f1edce54a954', 'post_like', '2184a872-fcf3-5c92-a0ed-a48bc01af254', 'adbd3fc7-9465-5a04-87a6-adba807f9e20', NULL, NULL, 'false', '2026-07-29 14:07:00+00');"
notifications,"INSERT INTO public.notifications (id, user_id, type, actor_id, post_id, comment_id, group_id, is_read, created_at) VALUES ('3da6adda-aca2-588e-a271-011e0eca3981', 'ab6a7953-9869-5067-a715-7769252b6c26', 'post_like', '82f508c0-6ced-5b31-8a1e-bf6d9d66bdd5', '6342c84a-9ea8-5004-ab08-31b14060804e', NULL, NULL, 'true', '2026-07-12 08:18:00+00');"
notifications,"INSERT INTO public.notifications (id, user_id, type, actor_id, post_id, comment_id, group_id, is_read, created_at) VALUES ('3f753a81-b81a-5b7a-ba27-3a3fbd9d5fec', '5e5e8c92-e428-553d-8eb0-83dca5aab6ea', 'post_comment', '576872c0-f337-5ba7-9829-c94744a9c0d4', 'ddb7ac4c-00b9-5076-90ce-8c383caf9158', 'a9773d0f-c8d6-5c25-8b8b-c09ab46e50a0', NULL, 'false', '2026-07-12 07:50:00+00');"
notifications,"INSERT INTO public.notifications (id, user_id, type, actor_id, post_id, comment_id, group_id, is_read, created_at) VALUES ('41b51343-18f3-543f-bcec-04ef50402fd5', 'f4d9935b-45af-5692-84f6-f1edce54a954', 'post_like', '17c60ccb-402d-52f1-a71b-abd4e79568de', 'c59dcbab-2d68-59c8-8c3a-32b31787738c', NULL, NULL, 'true', '2026-07-23 15:07:00+00');"
notifications,"INSERT INTO public.notifications (id, user_id, type, actor_id, post_id, comment_id, group_id, is_read, created_at) VALUES ('41b7263f-cb90-59ff-baca-f0619c97a774', 'a82bd13f-54bb-53cb-bca5-2d3ef7ec5333', 'post_like', '2184a872-fcf3-5c92-a0ed-a48bc01af254', 'd3fcd2b6-965a-5b83-b2dd-1bdf44a2f600', NULL, NULL, 'false', '2026-08-09 17:06:00+00');"
notifications,"INSERT INTO public.notifications (id, user_id, type, actor_id, post_id, comment_id, group_id, is_read, created_at) VALUES ('423dbdd6-0678-58e8-b20d-0b53ec3d9abe', '6a20fca4-1847-59a7-bef0-9a4f50cf394f', 'comment_reply', '3875e58e-1aaf-503b-9975-57353ee608b5', '4e1ccf52-94c2-5951-8bb6-2c396e391aed', '91d2bb3c-097f-52d0-ae26-3a60f06c46f9', NULL, 'true', '2026-07-19 17:53:00+00');"
notifications,"INSERT INTO public.notifications (id, user_id, type, actor_id, post_id, comment_id, group_id, is_read, created_at) VALUES ('43a3adbb-b52c-5f66-b9bc-69254ebfcba8', 'a82bd13f-54bb-53cb-bca5-2d3ef7ec5333', 'post_like', '576872c0-f337-5ba7-9829-c94744a9c0d4', '2bee4ae4-168a-5b4d-aba6-c9af30508fa5', NULL, NULL, 'true', '2026-07-27 07:56:00+00');"
notifications,"INSERT INTO public.notifications (id, user_id, type, actor_id, post_id, comment_id, group_id, is_read, created_at) VALUES ('470b9801-8c58-5298-a692-32aeed07c65e', 'a82bd13f-54bb-53cb-bca5-2d3ef7ec5333', 'post_like', '4b2d2857-16f0-501a-9c56-f196f4f3ee9f', 'd3fcd2b6-965a-5b83-b2dd-1bdf44a2f600', NULL, NULL, 'false', '2026-08-09 11:06:00+00');"
notifications,"INSERT INTO public.notifications (id, user_id, type, actor_id, post_id, comment_id, group_id, is_read, created_at) VALUES ('480dc9e5-0515-5a4b-8e63-d19abeeddc94', 'a82bd13f-54bb-53cb-bca5-2d3ef7ec5333', 'post_like', '2184a872-fcf3-5c92-a0ed-a48bc01af254', '2bee4ae4-168a-5b4d-aba6-c9af30508fa5', NULL, NULL, 'false', '2026-07-27 02:56:00+00');"
notifications,"INSERT INTO public.notifications (id, user_id, type, actor_id, post_id, comment_id, group_id, is_read, created_at) VALUES ('4b4ec327-4124-589d-8007-fd713f9f6b25', '5e5e8c92-e428-553d-8eb0-83dca5aab6ea', 'post_like', 'de446ab5-1774-599f-9ec2-89735259618f', '9854bbe7-1c07-5b72-bab5-8af5fa3266cd', NULL, NULL, 'false', '2026-07-19 19:25:00+00');"
notifications,"INSERT INTO public.notifications (id, user_id, type, actor_id, post_id, comment_id, group_id, is_read, created_at) VALUES ('4e971f70-dae5-5508-b466-0602055b48c3', 'f4d9935b-45af-5692-84f6-f1edce54a954', 'post_like', '82f508c0-6ced-5b31-8a1e-bf6d9d66bdd5', 'adbd3fc7-9465-5a04-87a6-adba807f9e20', NULL, NULL, 'true', '2026-07-31 05:07:00+00');"
notifications,"INSERT INTO public.notifications (id, user_id, type, actor_id, post_id, comment_id, group_id, is_read, created_at) VALUES ('4f8fb665-2891-5be1-838f-94e2859d304b', 'f4d9935b-45af-5692-84f6-f1edce54a954', 'post_like', '39431362-143d-5960-8b5d-647c21229e00', 'e092855f-8a50-5cf3-9eda-55a1df13eaba', NULL, NULL, 'false', '2026-07-28 13:25:00+00');"
notifications,"INSERT INTO public.notifications (id, user_id, type, actor_id, post_id, comment_id, group_id, is_read, created_at) VALUES ('4fcf2065-9f03-59b3-adca-690ae9d0e890', 'a82bd13f-54bb-53cb-bca5-2d3ef7ec5333', 'post_comment', 'ec88a567-d365-538a-9df6-6214908dcc40', '2bee4ae4-168a-5b4d-aba6-c9af30508fa5', '59575397-9edb-5e94-8065-da9bd9b9d701', NULL, 'true', '2026-07-27 02:56:00+00');"
notifications,"INSERT INTO public.notifications (id, user_id, type, actor_id, post_id, comment_id, group_id, is_read, created_at) VALUES ('512487ad-0c69-59b8-a6f8-6e94d3b1f7ea', 'a82bd13f-54bb-53cb-bca5-2d3ef7ec5333', 'post_comment', '39431362-143d-5960-8b5d-647c21229e00', 'da959288-cf01-5298-9eb6-73fb29a2c148', 'bb5b109c-bac4-5937-9081-05124d6f11ea', NULL, 'false', '2026-07-25 21:17:00+00');"
notifications,"INSERT INTO public.notifications (id, user_id, type, actor_id, post_id, comment_id, group_id, is_read, created_at) VALUES ('51f442ef-d6c2-5d07-872c-26ca8a246258', 'a82bd13f-54bb-53cb-bca5-2d3ef7ec5333', 'post_like', '576872c0-f337-5ba7-9829-c94744a9c0d4', 'da959288-cf01-5298-9eb6-73fb29a2c148', NULL, NULL, 'true', '2026-07-25 21:17:00+00');"
notifications,"INSERT INTO public.notifications (id, user_id, type, actor_id, post_id, comment_id, group_id, is_read, created_at) VALUES ('54114ddd-4f90-5e5e-ae61-edd36de00a68', 'a82bd13f-54bb-53cb-bca5-2d3ef7ec5333', 'post_like', '39431362-143d-5960-8b5d-647c21229e00', '2bee4ae4-168a-5b4d-aba6-c9af30508fa5', NULL, NULL, 'false', '2026-07-27 20:56:00+00');"
notifications,"INSERT INTO public.notifications (id, user_id, type, actor_id, post_id, comment_id, group_id, is_read, created_at) VALUES ('557c4549-14f1-516a-ba06-e91c41d30c46', 'f4d9935b-45af-5692-84f6-f1edce54a954', 'comment_reply', '9c2b8656-23fa-540a-89fb-52a8237998cb', '2bee4ae4-168a-5b4d-aba6-c9af30508fa5', '84128d37-bf75-5c9d-8449-1333def25f87', NULL, 'false', '2026-07-26 23:56:00+00');"
notifications,"INSERT INTO public.notifications (id, user_id, type, actor_id, post_id, comment_id, group_id, is_read, created_at) VALUES ('57de6b8a-03c0-5175-bbb5-23270348c1c4', '5e5e8c92-e428-553d-8eb0-83dca5aab6ea', 'post_like', '4b2d2857-16f0-501a-9c56-f196f4f3ee9f', 'ddb7ac4c-00b9-5076-90ce-8c383caf9158', NULL, NULL, 'true', '2026-07-14 08:50:00+00');"
notifications,"INSERT INTO public.notifications (id, user_id, type, actor_id, post_id, comment_id, group_id, is_read, created_at) VALUES ('58800485-e665-5858-a167-706265d89410', '3875e58e-1aaf-503b-9975-57353ee608b5', 'group_role_changed', 'ab6a7953-9869-5067-a715-7769252b6c26', NULL, NULL, '2d30c071-249c-5a54-b59e-7e811bc98699', 'false', '2026-06-19 16:05:00+00');"
notifications,"INSERT INTO public.notifications (id, user_id, type, actor_id, post_id, comment_id, group_id, is_read, created_at) VALUES ('5d03b870-1e2e-54be-86d4-d245387af6ce', 'f4d9935b-45af-5692-84f6-f1edce54a954', 'post_like', '899db740-a298-5cc0-9e15-8aa564b6d0f9', '4e1ccf52-94c2-5951-8bb6-2c396e391aed', NULL, NULL, 'true', '2026-07-20 02:53:00+00');"
notifications,"INSERT INTO public.notifications (id, user_id, type, actor_id, post_id, comment_id, group_id, is_read, created_at) VALUES ('60030118-ced6-548e-98f5-d3496b8a64e2', 'a82bd13f-54bb-53cb-bca5-2d3ef7ec5333', 'comment_reply', '3875e58e-1aaf-503b-9975-57353ee608b5', 'e01964c0-6b1c-5917-871b-221269b84cdf', '6b2c6a0b-d1fd-5e40-803f-bf290996d28a', NULL, 'false', '2026-07-05 20:05:00+00');"
notifications,"INSERT INTO public.notifications (id, user_id, type, actor_id, post_id, comment_id, group_id, is_read, created_at) VALUES ('61929654-3f53-5105-a3d0-26fe11df36da', '5e5e8c92-e428-553d-8eb0-83dca5aab6ea', 'post_like', '3875e58e-1aaf-503b-9975-57353ee608b5', 'fd974085-85da-5a7a-bc95-3a5b0013fc2e', NULL, NULL, 'false', '2026-07-21 11:31:00+00');"
notifications,"INSERT INTO public.notifications (id, user_id, type, actor_id, post_id, comment_id, group_id, is_read, created_at) VALUES ('61c128ef-f621-5a03-9bfe-40884f1fbb08', 'a82bd13f-54bb-53cb-bca5-2d3ef7ec5333', 'post_like', 'b64bcfa5-c9e0-5907-8f39-22eb4c80fc6d', 'da959288-cf01-5298-9eb6-73fb29a2c148', NULL, NULL, 'false', '2026-07-27 04:17:00+00');"
notifications,"INSERT INTO public.notifications (id, user_id, type, actor_id, post_id, comment_id, group_id, is_read, created_at) VALUES ('628c324a-f3aa-5112-bfaa-875d5865845b', 'ab6a7953-9869-5067-a715-7769252b6c26', 'post_comment', 'f1688f25-6602-5f02-8c17-04d0722ed018', '6342c84a-9ea8-5004-ab08-31b14060804e', '94015c11-0fe1-55d8-98f6-b8ad82f04837', NULL, 'false', '2026-07-09 17:18:00+00');"
notifications,"INSERT INTO public.notifications (id, user_id, type, actor_id, post_id, comment_id, group_id, is_read, created_at) VALUES ('63968265-0cc0-5a27-b1d2-36a848fcd5b3', 'a82bd13f-54bb-53cb-bca5-2d3ef7ec5333', 'post_like', 'ec88a567-d365-538a-9df6-6214908dcc40', 'da959288-cf01-5298-9eb6-73fb29a2c148', NULL, NULL, 'true', '2026-07-26 02:17:00+00');"
notifications,"INSERT INTO public.notifications (id, user_id, type, actor_id, post_id, comment_id, group_id, is_read, created_at) VALUES ('648fa849-6bd5-5866-ada2-3ed21ee19684', '899db740-a298-5cc0-9e15-8aa564b6d0f9', 'comment_reply', '4b2d2857-16f0-501a-9c56-f196f4f3ee9f', '4e1ccf52-94c2-5951-8bb6-2c396e391aed', '115402a8-9031-5b2d-92f4-849378a8b688', NULL, 'true', '2026-07-20 08:53:00+00');"
notifications,"INSERT INTO public.notifications (id, user_id, type, actor_id, post_id, comment_id, group_id, is_read, created_at) VALUES ('6719a4c2-42dd-5315-b79a-a93f883e3d16', 'f4d9935b-45af-5692-84f6-f1edce54a954', 'post_like', 'ab6a7953-9869-5067-a715-7769252b6c26', 'c59dcbab-2d68-59c8-8c3a-32b31787738c', NULL, NULL, 'false', '2026-07-24 10:07:00+00');"
notifications,"INSERT INTO public.notifications (id, user_id, type, actor_id, post_id, comment_id, group_id, is_read, created_at) VALUES ('67489d2f-098a-5844-871b-ea911241f648', 'f4d9935b-45af-5692-84f6-f1edce54a954', 'post_like', '23b4137c-c4fa-508d-9c1c-0bcbebc02f68', 'adbd3fc7-9465-5a04-87a6-adba807f9e20', NULL, NULL, 'false', '2026-07-29 02:07:00+00');"
notifications,"INSERT INTO public.notifications (id, user_id, type, actor_id, post_id, comment_id, group_id, is_read, created_at) VALUES ('69afac13-730d-5df4-b55c-b677360ff098', 'ab6a7953-9869-5067-a715-7769252b6c26', 'post_like', '6a20fca4-1847-59a7-bef0-9a4f50cf394f', '4ed05faa-f77b-538d-ad8e-a64f0e93d197', NULL, NULL, 'false', '2026-08-11 16:03:00+00');"
notifications,"INSERT INTO public.notifications (id, user_id, type, actor_id, post_id, comment_id, group_id, is_read, created_at) VALUES ('6fecf4eb-1bb6-54cb-836b-aa7a0cedf84a', 'f4d9935b-45af-5692-84f6-f1edce54a954', 'post_like', 'a82bd13f-54bb-53cb-bca5-2d3ef7ec5333', 'c59dcbab-2d68-59c8-8c3a-32b31787738c', NULL, NULL, 'false', '2026-07-24 03:07:00+00');"
notifications,"INSERT INTO public.notifications (id, user_id, type, actor_id, post_id, comment_id, group_id, is_read, created_at) VALUES ('7366a202-c07f-57fe-9e98-cebe2f43adcd', '39431362-143d-5960-8b5d-647c21229e00', 'comment_reply', '6a20fca4-1847-59a7-bef0-9a4f50cf394f', '9854bbe7-1c07-5b72-bab5-8af5fa3266cd', '8e817ff9-b619-5779-865b-a3d621c60267', NULL, 'false', '2026-07-19 19:25:00+00');"
notifications,"INSERT INTO public.notifications (id, user_id, type, actor_id, post_id, comment_id, group_id, is_read, created_at) VALUES ('748044fd-bcf9-5ba1-b635-26d7a0831a19', '23b4137c-c4fa-508d-9c1c-0bcbebc02f68', 'group_role_changed', 'b64bcfa5-c9e0-5907-8f39-22eb4c80fc6d', NULL, NULL, '31ec634b-66e1-5bcf-9628-ac9ad32edc1b', 'false', '2026-06-22 08:45:00+00');"
notifications,"INSERT INTO public.notifications (id, user_id, type, actor_id, post_id, comment_id, group_id, is_read, created_at) VALUES ('7556b684-7ae1-50f1-85b6-86f8f432d231', 'f4d9935b-45af-5692-84f6-f1edce54a954', 'post_like', 'ec88a567-d365-538a-9df6-6214908dcc40', 'e092855f-8a50-5cf3-9eda-55a1df13eaba', NULL, NULL, 'false', '2026-07-26 13:25:00+00');"
notifications,"INSERT INTO public.notifications (id, user_id, type, actor_id, post_id, comment_id, group_id, is_read, created_at) VALUES ('7572ac08-7439-55aa-81d8-75cd16471867', 'f4d9935b-45af-5692-84f6-f1edce54a954', 'post_comment', 'ec88a567-d365-538a-9df6-6214908dcc40', 'c59dcbab-2d68-59c8-8c3a-32b31787738c', '23f6f086-896d-581e-9c1d-72ecd347932e', NULL, 'false', '2026-07-23 22:07:00+00');"
notifications,"INSERT INTO public.notifications (id, user_id, type, actor_id, post_id, comment_id, group_id, is_read, created_at) VALUES ('78ccb57f-66a5-57dd-8d95-5465ba6e0f1d', 'f4d9935b-45af-5692-84f6-f1edce54a954', 'post_like', 'b64bcfa5-c9e0-5907-8f39-22eb4c80fc6d', 'adbd3fc7-9465-5a04-87a6-adba807f9e20', NULL, NULL, 'false', '2026-07-30 05:07:00+00');"
notifications,"INSERT INTO public.notifications (id, user_id, type, actor_id, post_id, comment_id, group_id, is_read, created_at) VALUES ('7ce1a2bb-f1da-5798-89e5-9119dcf1e31e', 'b64bcfa5-c9e0-5907-8f39-22eb4c80fc6d', 'comment_reply', '39431362-143d-5960-8b5d-647c21229e00', '615596ea-3235-542c-b608-a4618e5c66ac', 'f16f9aca-1f82-5248-aeab-f5803588c17e', NULL, 'true', '2026-08-07 14:47:00+00');"
notifications,"INSERT INTO public.notifications (id, user_id, type, actor_id, post_id, comment_id, group_id, is_read, created_at) VALUES ('7d356662-493f-570a-9d0c-4f3e26d67825', '5e5e8c92-e428-553d-8eb0-83dca5aab6ea', 'post_like', '899db740-a298-5cc0-9e15-8aa564b6d0f9', 'ddb7ac4c-00b9-5076-90ce-8c383caf9158', NULL, NULL, 'false', '2026-07-12 06:50:00+00');"
notifications,"INSERT INTO public.notifications (id, user_id, type, actor_id, post_id, comment_id, group_id, is_read, created_at) VALUES ('826bbf84-cb35-547c-ae92-04f44505f34e', 'f4d9935b-45af-5692-84f6-f1edce54a954', 'post_comment', '6a20fca4-1847-59a7-bef0-9a4f50cf394f', '4e1ccf52-94c2-5951-8bb6-2c396e391aed', '94346c16-5bce-5bc5-874e-f05ee82f9c16', NULL, 'false', '2026-07-19 15:53:00+00');"
notifications,"INSERT INTO public.notifications (id, user_id, type, actor_id, post_id, comment_id, group_id, is_read, created_at) VALUES ('83e94417-a875-5d6f-a960-6771d678665a', 'f4d9935b-45af-5692-84f6-f1edce54a954', 'post_comment', '3875e58e-1aaf-503b-9975-57353ee608b5', 'c59dcbab-2d68-59c8-8c3a-32b31787738c', 'c38ecc5a-6ccd-573b-9a7e-97b1929126db', NULL, 'false', '2026-07-23 12:07:00+00');"
notifications,"INSERT INTO public.notifications (id, user_id, type, actor_id, post_id, comment_id, group_id, is_read, created_at) VALUES ('85af92e2-8fd6-5ae3-aecc-5aeeb59aee11', 'ab6a7953-9869-5067-a715-7769252b6c26', 'post_like', '17c60ccb-402d-52f1-a71b-abd4e79568de', 'e01964c0-6b1c-5917-871b-221269b84cdf', NULL, NULL, 'true', '2026-07-07 15:05:00+00');"
notifications,"INSERT INTO public.notifications (id, user_id, type, actor_id, post_id, comment_id, group_id, is_read, created_at) VALUES ('88076f19-5c49-560a-bda8-06384dcde7db', '39431362-143d-5960-8b5d-647c21229e00', 'comment_reply', 'ec88a567-d365-538a-9df6-6214908dcc40', 'da959288-cf01-5298-9eb6-73fb29a2c148', 'b38d8271-4f3e-5393-a19b-c72b28b459ff', NULL, 'false', '2026-07-25 23:17:00+00');"
notifications,"INSERT INTO public.notifications (id, user_id, type, actor_id, post_id, comment_id, group_id, is_read, created_at) VALUES ('88d785e8-a791-505f-9868-6a482b08a05c', 'f4d9935b-45af-5692-84f6-f1edce54a954', 'post_like', '5e5e8c92-e428-553d-8eb0-83dca5aab6ea', 'adbd3fc7-9465-5a04-87a6-adba807f9e20', NULL, NULL, 'true', '2026-07-29 06:07:00+00');"
notifications,"INSERT INTO public.notifications (id, user_id, type, actor_id, post_id, comment_id, group_id, is_read, created_at) VALUES ('8c23d40d-be35-5fb2-85cf-6f8e216bff04', 'a82bd13f-54bb-53cb-bca5-2d3ef7ec5333', 'post_comment', '576872c0-f337-5ba7-9829-c94744a9c0d4', 'd3fcd2b6-965a-5b83-b2dd-1bdf44a2f600', '91385c11-59ad-501c-998b-aa07093775ca', NULL, 'false', '2026-08-06 21:06:00+00');"
notifications,"INSERT INTO public.notifications (id, user_id, type, actor_id, post_id, comment_id, group_id, is_read, created_at) VALUES ('8cbbe149-3abc-5248-89bf-96c61a6e7f3f', 'f4d9935b-45af-5692-84f6-f1edce54a954', 'post_comment', '4b2d2857-16f0-501a-9c56-f196f4f3ee9f', 'e092855f-8a50-5cf3-9eda-55a1df13eaba', '96f817ff-e152-58fc-9193-30a0179bb23e', NULL, 'false', '2026-07-26 03:25:00+00');"
notifications,"INSERT INTO public.notifications (id, user_id, type, actor_id, post_id, comment_id, group_id, is_read, created_at) VALUES ('8e478972-3839-5dd8-a7c4-57247fdb441a', 'a82bd13f-54bb-53cb-bca5-2d3ef7ec5333', 'post_like', '576872c0-f337-5ba7-9829-c94744a9c0d4', 'd3fcd2b6-965a-5b83-b2dd-1bdf44a2f600', NULL, NULL, 'true', '2026-08-07 03:06:00+00');"
notifications,"INSERT INTO public.notifications (id, user_id, type, actor_id, post_id, comment_id, group_id, is_read, created_at) VALUES ('8f3e6acf-2a05-5479-bc5a-d08e8007ed45', '5e5e8c92-e428-553d-8eb0-83dca5aab6ea', 'post_comment', 'eabe8433-844d-57c8-93c5-a451778f6b1e', '9854bbe7-1c07-5b72-bab5-8af5fa3266cd', '73eb1914-b604-58a5-8bb7-c37834b8f792', NULL, 'true', '2026-07-19 02:25:00+00');"
notifications,"INSERT INTO public.notifications (id, user_id, type, actor_id, post_id, comment_id, group_id, is_read, created_at) VALUES ('8f67c35c-1291-55a7-8ef1-7ab0265d2632', '5e5e8c92-e428-553d-8eb0-83dca5aab6ea', 'post_like', '2184a872-fcf3-5c92-a0ed-a48bc01af254', '9854bbe7-1c07-5b72-bab5-8af5fa3266cd', NULL, NULL, 'true', '2026-07-21 04:25:00+00');"
notifications,"INSERT INTO public.notifications (id, user_id, type, actor_id, post_id, comment_id, group_id, is_read, created_at) VALUES ('9007db3a-2922-5066-a30b-1158ebbd307f', 'f4d9935b-45af-5692-84f6-f1edce54a954', 'post_comment', '899db740-a298-5cc0-9e15-8aa564b6d0f9', '4e1ccf52-94c2-5951-8bb6-2c396e391aed', 'd680a281-40f5-50c3-9837-9b50eb7251b6', NULL, 'true', '2026-07-20 06:53:00+00');"
notifications,"INSERT INTO public.notifications (id, user_id, type, actor_id, post_id, comment_id, group_id, is_read, created_at) VALUES ('91d19ea6-dc7d-5c29-a958-f2b23d909f2a', 'a82bd13f-54bb-53cb-bca5-2d3ef7ec5333', 'post_like', '9c2b8656-23fa-540a-89fb-52a8237998cb', '2bee4ae4-168a-5b4d-aba6-c9af30508fa5', NULL, NULL, 'true', '2026-07-29 05:56:00+00');"
notifications,"INSERT INTO public.notifications (id, user_id, type, actor_id, post_id, comment_id, group_id, is_read, created_at) VALUES ('9244b925-8896-5cf8-b4df-eccd3f3cf991', '5e5e8c92-e428-553d-8eb0-83dca5aab6ea', 'post_like', 'ab6a7953-9869-5067-a715-7769252b6c26', 'ddb7ac4c-00b9-5076-90ce-8c383caf9158', NULL, NULL, 'false', '2026-07-14 06:50:00+00');"
notifications,"INSERT INTO public.notifications (id, user_id, type, actor_id, post_id, comment_id, group_id, is_read, created_at) VALUES ('93a1c30c-2084-53ef-a40c-6a0b5c30bb60', 'f4d9935b-45af-5692-84f6-f1edce54a954', 'post_like', '3875e58e-1aaf-503b-9975-57353ee608b5', '4e1ccf52-94c2-5951-8bb6-2c396e391aed', NULL, NULL, 'false', '2026-07-21 00:53:00+00');"
notifications,"INSERT INTO public.notifications (id, user_id, type, actor_id, post_id, comment_id, group_id, is_read, created_at) VALUES ('95718c12-6210-5476-8a52-24c349e289c3', 'f4d9935b-45af-5692-84f6-f1edce54a954', 'post_comment', '899db740-a298-5cc0-9e15-8aa564b6d0f9', 'e092855f-8a50-5cf3-9eda-55a1df13eaba', 'c302fec3-e9a1-5d1a-a3ea-b75f59330919', NULL, 'true', '2026-07-26 08:25:00+00');"
notifications,"INSERT INTO public.notifications (id, user_id, type, actor_id, post_id, comment_id, group_id, is_read, created_at) VALUES ('96277029-52cf-5a2e-a004-60b32871cd0b', '3875e58e-1aaf-503b-9975-57353ee608b5', 'comment_reply', '9c2b8656-23fa-540a-89fb-52a8237998cb', '6342c84a-9ea8-5004-ab08-31b14060804e', '23f28ddb-5acd-5779-ac7d-a430a3a165d5', NULL, 'false', '2026-07-09 14:18:00+00');"
notifications,"INSERT INTO public.notifications (id, user_id, type, actor_id, post_id, comment_id, group_id, is_read, created_at) VALUES ('978fe257-ad35-589c-8b2a-92c91a9c419a', 'a82bd13f-54bb-53cb-bca5-2d3ef7ec5333', 'post_comment', 'b64bcfa5-c9e0-5907-8f39-22eb4c80fc6d', '615596ea-3235-542c-b608-a4618e5c66ac', '867ad9f5-685b-574f-bcdf-4a6e41c3e37d', NULL, 'true', '2026-08-07 22:47:00+00');"
notifications,"INSERT INTO public.notifications (id, user_id, type, actor_id, post_id, comment_id, group_id, is_read, created_at) VALUES ('99440365-6ace-5d2d-a02c-2d8e81fc453a', '5e5e8c92-e428-553d-8eb0-83dca5aab6ea', 'post_like', '899db740-a298-5cc0-9e15-8aa564b6d0f9', '9854bbe7-1c07-5b72-bab5-8af5fa3266cd', NULL, NULL, 'false', '2026-07-21 12:25:00+00');"
notifications,"INSERT INTO public.notifications (id, user_id, type, actor_id, post_id, comment_id, group_id, is_read, created_at) VALUES ('9a676856-bb74-5da3-97b9-f1f16be5f45a', '5e5e8c92-e428-553d-8eb0-83dca5aab6ea', 'post_comment', '4b2d2857-16f0-501a-9c56-f196f4f3ee9f', '74b6a7a2-c4cd-579b-b4e6-3ecf47715f6e', '43996df9-1607-5464-b359-01c830d5d7be', NULL, 'true', '2026-07-17 20:23:00+00');"
notifications,"INSERT INTO public.notifications (id, user_id, type, actor_id, post_id, comment_id, group_id, is_read, created_at) VALUES ('9cb3e028-64fc-5691-a0ec-1a3681ed9c56', 'ab6a7953-9869-5067-a715-7769252b6c26', 'post_like', '2184a872-fcf3-5c92-a0ed-a48bc01af254', '6342c84a-9ea8-5004-ab08-31b14060804e', NULL, NULL, 'false', '2026-07-11 18:18:00+00');"
notifications,"INSERT INTO public.notifications (id, user_id, type, actor_id, post_id, comment_id, group_id, is_read, created_at) VALUES ('9f1f3c02-2c58-58f5-923a-ab599402f994', 'ab6a7953-9869-5067-a715-7769252b6c26', 'post_comment', '9c2b8656-23fa-540a-89fb-52a8237998cb', 'e01964c0-6b1c-5917-871b-221269b84cdf', 'ad502cd9-899f-5565-b87f-41d8b0da98ce', NULL, 'false', '2026-07-05 13:05:00+00');"
notifications,"INSERT INTO public.notifications (id, user_id, type, actor_id, post_id, comment_id, group_id, is_read, created_at) VALUES ('a0c02a68-0449-5bc9-a088-54160cfa2e9e', 'ab6a7953-9869-5067-a715-7769252b6c26', 'post_comment', '82f508c0-6ced-5b31-8a1e-bf6d9d66bdd5', '4ed05faa-f77b-538d-ad8e-a64f0e93d197', 'fb8e182b-9a8b-56f4-82f1-ce9179e6ab0e', NULL, 'false', '2026-08-10 03:03:00+00');"
notifications,"INSERT INTO public.notifications (id, user_id, type, actor_id, post_id, comment_id, group_id, is_read, created_at) VALUES ('a1ccc673-5d8d-512b-af94-471cb5e60c34', '5e5e8c92-e428-553d-8eb0-83dca5aab6ea', 'post_comment', '3875e58e-1aaf-503b-9975-57353ee608b5', '9854bbe7-1c07-5b72-bab5-8af5fa3266cd', 'cf92be27-257c-53ca-a4ce-6cfb07704da2', NULL, 'true', '2026-07-19 07:25:00+00');"
notifications,"INSERT INTO public.notifications (id, user_id, type, actor_id, post_id, comment_id, group_id, is_read, created_at) VALUES ('a2f18d20-8d6e-50a0-a5b9-5ffdd8bc6222', 'ab6a7953-9869-5067-a715-7769252b6c26', 'post_comment', '576872c0-f337-5ba7-9829-c94744a9c0d4', 'e01964c0-6b1c-5917-871b-221269b84cdf', 'd8a311c4-caf7-5ecb-80d1-86a976713149', NULL, 'true', '2026-07-05 23:05:00+00');"
notifications,"INSERT INTO public.notifications (id, user_id, type, actor_id, post_id, comment_id, group_id, is_read, created_at) VALUES ('a6291e4b-3de3-584a-a4b7-1fe084ccb48a', '17c60ccb-402d-52f1-a71b-abd4e79568de', 'group_role_changed', '576872c0-f337-5ba7-9829-c94744a9c0d4', NULL, NULL, '6d2c9b37-e7aa-5ab8-a570-a62b416a85d7', 'false', '2026-06-26 11:41:00+00');"
notifications,"INSERT INTO public.notifications (id, user_id, type, actor_id, post_id, comment_id, group_id, is_read, created_at) VALUES ('a91a809c-97a5-5ac6-9534-d382efa1d98b', 'ab6a7953-9869-5067-a715-7769252b6c26', 'comment_reply', '5e5e8c92-e428-553d-8eb0-83dca5aab6ea', '615596ea-3235-542c-b608-a4618e5c66ac', '87cc78a4-cc43-56a8-8cd1-2e3e71ca5d28', NULL, 'false', '2026-08-07 19:47:00+00');"
notifications,"INSERT INTO public.notifications (id, user_id, type, actor_id, post_id, comment_id, group_id, is_read, created_at) VALUES ('a985eb85-5346-5b0b-903a-2dacd8f3ee1d', '5e5e8c92-e428-553d-8eb0-83dca5aab6ea', 'post_comment', '4b2d2857-16f0-501a-9c56-f196f4f3ee9f', 'ddb7ac4c-00b9-5076-90ce-8c383caf9158', '9ab458a3-2665-5162-8673-0087d446cf10', NULL, 'true', '2026-07-12 02:50:00+00');"
notifications,"INSERT INTO public.notifications (id, user_id, type, actor_id, post_id, comment_id, group_id, is_read, created_at) VALUES ('b13ae7f9-9d51-5e5f-ada2-139ee67aeb05', 'a82bd13f-54bb-53cb-bca5-2d3ef7ec5333', 'post_comment', '5e5e8c92-e428-553d-8eb0-83dca5aab6ea', '2bee4ae4-168a-5b4d-aba6-c9af30508fa5', '25336972-5135-5135-a8de-ff3bee7b7234', NULL, 'false', '2026-07-27 07:56:00+00');"
notifications,"INSERT INTO public.notifications (id, user_id, type, actor_id, post_id, comment_id, group_id, is_read, created_at) VALUES ('b18d59eb-6890-5de8-9b18-918f902e8ea9', 'ab6a7953-9869-5067-a715-7769252b6c26', 'post_like', '17c60ccb-402d-52f1-a71b-abd4e79568de', '6342c84a-9ea8-5004-ab08-31b14060804e', NULL, NULL, 'true', '2026-07-10 12:18:00+00');"
notifications,"INSERT INTO public.notifications (id, user_id, type, actor_id, post_id, comment_id, group_id, is_read, created_at) VALUES ('b441b142-4eaa-5bda-a7e5-bef1438ba6fa', 'a82bd13f-54bb-53cb-bca5-2d3ef7ec5333', 'post_comment', '82f508c0-6ced-5b31-8a1e-bf6d9d66bdd5', '2bee4ae4-168a-5b4d-aba6-c9af30508fa5', '0018daa9-50ba-54ac-8fcc-dbbf056ea1ef', NULL, 'false', '2026-07-26 16:56:00+00');"
notifications,"INSERT INTO public.notifications (id, user_id, type, actor_id, post_id, comment_id, group_id, is_read, created_at) VALUES ('b48dfc9e-cc9a-5598-98cd-b201100945b4', 'ab6a7953-9869-5067-a715-7769252b6c26', 'post_comment', '3875e58e-1aaf-503b-9975-57353ee608b5', '6342c84a-9ea8-5004-ab08-31b14060804e', '6a2621ca-6613-580d-9827-6f90199d33a9', NULL, 'false', '2026-07-09 12:18:00+00');"
notifications,"INSERT INTO public.notifications (id, user_id, type, actor_id, post_id, comment_id, group_id, is_read, created_at) VALUES ('b527ac0f-3d80-5919-b19b-fce18bf7ea93', '3875e58e-1aaf-503b-9975-57353ee608b5', 'comment_reply', 'b64bcfa5-c9e0-5907-8f39-22eb4c80fc6d', 'adbd3fc7-9465-5a04-87a6-adba807f9e20', '504d08e3-540b-5f97-9d95-bc81e6827a6e', NULL, 'true', '2026-07-28 12:07:00+00');"
notifications,"INSERT INTO public.notifications (id, user_id, type, actor_id, post_id, comment_id, group_id, is_read, created_at) VALUES ('b7c64a5a-09c6-5411-9708-56028e026511', 'ab6a7953-9869-5067-a715-7769252b6c26', 'post_comment', '39431362-143d-5960-8b5d-647c21229e00', '4ed05faa-f77b-538d-ad8e-a64f0e93d197', '275005a3-a5a3-59eb-a49c-f53da6a892ab', NULL, 'true', '2026-08-09 22:03:00+00');"
notifications,"INSERT INTO public.notifications (id, user_id, type, actor_id, post_id, comment_id, group_id, is_read, created_at) VALUES ('b8a1951e-0050-557b-a0ca-c2ac784e6d01', 'f4d9935b-45af-5692-84f6-f1edce54a954', 'post_comment', '3875e58e-1aaf-503b-9975-57353ee608b5', 'adbd3fc7-9465-5a04-87a6-adba807f9e20', 'bfce27eb-208e-53ba-862b-5141fa7c7620', NULL, 'true', '2026-07-28 10:07:00+00');"
notifications,"INSERT INTO public.notifications (id, user_id, type, actor_id, post_id, comment_id, group_id, is_read, created_at) VALUES ('b96c002d-8975-5f47-af7c-b93a3af699ea', 'f4d9935b-45af-5692-84f6-f1edce54a954', 'post_like', '9c2b8656-23fa-540a-89fb-52a8237998cb', 'c59dcbab-2d68-59c8-8c3a-32b31787738c', NULL, NULL, 'false', '2026-07-24 15:07:00+00');"
notifications,"INSERT INTO public.notifications (id, user_id, type, actor_id, post_id, comment_id, group_id, is_read, created_at) VALUES ('bb428778-f64d-54a7-804c-1040f985f9b8', 'ec88a567-d365-538a-9df6-6214908dcc40', 'comment_reply', 'a82bd13f-54bb-53cb-bca5-2d3ef7ec5333', 'c59dcbab-2d68-59c8-8c3a-32b31787738c', '77d8ca63-9dbe-5a5d-9ac8-42f62656c603', NULL, 'false', '2026-07-24 00:07:00+00');"
notifications,"INSERT INTO public.notifications (id, user_id, type, actor_id, post_id, comment_id, group_id, is_read, created_at) VALUES ('bb8313b4-19ef-5c30-a953-a131bec65436', 'ab6a7953-9869-5067-a715-7769252b6c26', 'post_like', 'f4d9935b-45af-5692-84f6-f1edce54a954', '4ed05faa-f77b-538d-ad8e-a64f0e93d197', NULL, NULL, 'false', '2026-08-11 10:03:00+00');"
notifications,"INSERT INTO public.notifications (id, user_id, type, actor_id, post_id, comment_id, group_id, is_read, created_at) VALUES ('be4164cc-202e-51e4-8264-2cf21dc970bd', 'a82bd13f-54bb-53cb-bca5-2d3ef7ec5333', 'post_like', '3875e58e-1aaf-503b-9975-57353ee608b5', '2bee4ae4-168a-5b4d-aba6-c9af30508fa5', NULL, NULL, 'false', '2026-07-28 13:56:00+00');"
notifications,"INSERT INTO public.notifications (id, user_id, type, actor_id, post_id, comment_id, group_id, is_read, created_at) VALUES ('beab0684-06af-5860-acf3-6c88ff038eed', 'a82bd13f-54bb-53cb-bca5-2d3ef7ec5333', 'post_like', '17c60ccb-402d-52f1-a71b-abd4e79568de', 'd3fcd2b6-965a-5b83-b2dd-1bdf44a2f600', NULL, NULL, 'false', '2026-08-08 19:06:00+00');"
notifications,"INSERT INTO public.notifications (id, user_id, type, actor_id, post_id, comment_id, group_id, is_read, created_at) VALUES ('c0238e6f-60f7-58fd-bcf4-159917bc9ed2', 'ab6a7953-9869-5067-a715-7769252b6c26', 'post_like', '899db740-a298-5cc0-9e15-8aa564b6d0f9', '6342c84a-9ea8-5004-ab08-31b14060804e', NULL, NULL, 'false', '2026-07-11 01:18:00+00');"
notifications,"INSERT INTO public.notifications (id, user_id, type, actor_id, post_id, comment_id, group_id, is_read, created_at) VALUES ('c10ec6e0-c2c8-5d36-ba59-e77725a70863', 'f4d9935b-45af-5692-84f6-f1edce54a954', 'post_comment', '9c2b8656-23fa-540a-89fb-52a8237998cb', '4e1ccf52-94c2-5951-8bb6-2c396e391aed', 'fec34f0e-144c-56ef-ace6-298b5543def6', NULL, 'true', '2026-07-20 01:53:00+00');"
notifications,"INSERT INTO public.notifications (id, user_id, type, actor_id, post_id, comment_id, group_id, is_read, created_at) VALUES ('c33c5a00-c79f-559e-8965-a0e7649aaf10', 'f4d9935b-45af-5692-84f6-f1edce54a954', 'post_comment', '6a20fca4-1847-59a7-bef0-9a4f50cf394f', '4e1ccf52-94c2-5951-8bb6-2c396e391aed', 'b7d97211-600f-5250-9631-86f028113339', NULL, 'false', '2026-07-19 20:53:00+00');"
notifications,"INSERT INTO public.notifications (id, user_id, type, actor_id, post_id, comment_id, group_id, is_read, created_at) VALUES ('c652d5a0-28b9-5cd3-a406-b4ca55a7d214', '5e5e8c92-e428-553d-8eb0-83dca5aab6ea', 'post_like', 'f4d9935b-45af-5692-84f6-f1edce54a954', '9854bbe7-1c07-5b72-bab5-8af5fa3266cd', NULL, NULL, 'true', '2026-07-21 00:25:00+00');"
notifications,"INSERT INTO public.notifications (id, user_id, type, actor_id, post_id, comment_id, group_id, is_read, created_at) VALUES ('c8dfb6f3-91f7-54b3-9d0a-b82141f8780b', 'ab6a7953-9869-5067-a715-7769252b6c26', 'post_like', '2184a872-fcf3-5c92-a0ed-a48bc01af254', '4ed05faa-f77b-538d-ad8e-a64f0e93d197', NULL, NULL, 'false', '2026-08-12 06:03:00+00');"
notifications,"INSERT INTO public.notifications (id, user_id, type, actor_id, post_id, comment_id, group_id, is_read, created_at) VALUES ('c8ea35fc-8201-5bb7-b45e-fc447a372067', 'f4d9935b-45af-5692-84f6-f1edce54a954', 'post_like', 'de446ab5-1774-599f-9ec2-89735259618f', '4e1ccf52-94c2-5951-8bb6-2c396e391aed', NULL, NULL, 'true', '2026-07-21 10:53:00+00');"
notifications,"INSERT INTO public.notifications (id, user_id, type, actor_id, post_id, comment_id, group_id, is_read, created_at) VALUES ('c9eda74b-3066-5ecb-9258-473f912500b9', 'eabe8433-844d-57c8-93c5-a451778f6b1e', 'comment_reply', '6a20fca4-1847-59a7-bef0-9a4f50cf394f', '9854bbe7-1c07-5b72-bab5-8af5fa3266cd', '45135d12-f0f3-57bc-9ab8-d02e647650d2', NULL, 'false', '2026-07-19 04:25:00+00');"
notifications,"INSERT INTO public.notifications (id, user_id, type, actor_id, post_id, comment_id, group_id, is_read, created_at) VALUES ('d2b58d6f-f38a-52f3-88a2-99311cd58572', '5e5e8c92-e428-553d-8eb0-83dca5aab6ea', 'post_like', 'b64bcfa5-c9e0-5907-8f39-22eb4c80fc6d', 'ddb7ac4c-00b9-5076-90ce-8c383caf9158', NULL, NULL, 'true', '2026-07-13 10:50:00+00');"
notifications,"INSERT INTO public.notifications (id, user_id, type, actor_id, post_id, comment_id, group_id, is_read, created_at) VALUES ('d497ae9c-fcfd-528a-b241-a85d35239513', '5e5e8c92-e428-553d-8eb0-83dca5aab6ea', 'post_like', 'a82bd13f-54bb-53cb-bca5-2d3ef7ec5333', '9854bbe7-1c07-5b72-bab5-8af5fa3266cd', NULL, NULL, 'true', '2026-07-21 08:25:00+00');"
notifications,"INSERT INTO public.notifications (id, user_id, type, actor_id, post_id, comment_id, group_id, is_read, created_at) VALUES ('d8e12286-1e87-5c08-a10c-ee194a65aacb', 'a82bd13f-54bb-53cb-bca5-2d3ef7ec5333', 'post_like', '39431362-143d-5960-8b5d-647c21229e00', 'd3fcd2b6-965a-5b83-b2dd-1bdf44a2f600', NULL, NULL, 'false', '2026-08-08 12:06:00+00');"
notifications,"INSERT INTO public.notifications (id, user_id, type, actor_id, post_id, comment_id, group_id, is_read, created_at) VALUES ('d9552eab-cbba-50fc-9ed5-801fbb815f56', '5e5e8c92-e428-553d-8eb0-83dca5aab6ea', 'post_like', '576872c0-f337-5ba7-9829-c94744a9c0d4', '9854bbe7-1c07-5b72-bab5-8af5fa3266cd', NULL, NULL, 'true', '2026-07-19 04:25:00+00');"
notifications,"INSERT INTO public.notifications (id, user_id, type, actor_id, post_id, comment_id, group_id, is_read, created_at) VALUES ('d97e969b-0c24-564b-a4f0-1bbd435fd5a2', '39431362-143d-5960-8b5d-647c21229e00', 'comment_reply', 'ec88a567-d365-538a-9df6-6214908dcc40', 'fd974085-85da-5a7a-bc95-3a5b0013fc2e', '87220a7b-798c-5c18-890c-5f7cfebdad3d', NULL, 'true', '2026-07-20 16:31:00+00');"
notifications,"INSERT INTO public.notifications (id, user_id, type, actor_id, post_id, comment_id, group_id, is_read, created_at) VALUES ('e10a02e0-9dff-5bea-9bfc-2a646b0dcb0d', '5e5e8c92-e428-553d-8eb0-83dca5aab6ea', 'post_comment', '576872c0-f337-5ba7-9829-c94744a9c0d4', 'fd974085-85da-5a7a-bc95-3a5b0013fc2e', '83ccc669-fd61-5f72-a069-d1efa9f6049c', NULL, 'true', '2026-07-20 19:31:00+00');"
notifications,"INSERT INTO public.notifications (id, user_id, type, actor_id, post_id, comment_id, group_id, is_read, created_at) VALUES ('e41f1260-1802-5e95-ab74-8afa8ab41cef', 'ab6a7953-9869-5067-a715-7769252b6c26', 'post_like', '576872c0-f337-5ba7-9829-c94744a9c0d4', '4ed05faa-f77b-538d-ad8e-a64f0e93d197', NULL, NULL, 'false', '2026-08-12 02:03:00+00');"
notifications,"INSERT INTO public.notifications (id, user_id, type, actor_id, post_id, comment_id, group_id, is_read, created_at) VALUES ('e42a430d-f178-5b03-a62b-800bed39962e', 'a82bd13f-54bb-53cb-bca5-2d3ef7ec5333', 'post_like', '9c2b8656-23fa-540a-89fb-52a8237998cb', '615596ea-3235-542c-b608-a4618e5c66ac', NULL, NULL, 'false', '2026-08-10 06:47:00+00');"
notifications,"INSERT INTO public.notifications (id, user_id, type, actor_id, post_id, comment_id, group_id, is_read, created_at) VALUES ('e6ff15ee-c862-57ea-aa00-2849e6740ac7', 'a82bd13f-54bb-53cb-bca5-2d3ef7ec5333', 'post_comment', 'f1688f25-6602-5f02-8c17-04d0722ed018', 'da959288-cf01-5298-9eb6-73fb29a2c148', 'b071318e-6ce8-5612-9257-9432f795e370', NULL, 'true', '2026-07-26 02:17:00+00');"
notifications,"INSERT INTO public.notifications (id, user_id, type, actor_id, post_id, comment_id, group_id, is_read, created_at) VALUES ('e704ed52-79b6-5816-8eb7-6fd186893310', 'f4d9935b-45af-5692-84f6-f1edce54a954', 'post_like', 'eabe8433-844d-57c8-93c5-a451778f6b1e', 'c59dcbab-2d68-59c8-8c3a-32b31787738c', NULL, NULL, 'true', '2026-07-25 07:07:00+00');"
notifications,"INSERT INTO public.notifications (id, user_id, type, actor_id, post_id, comment_id, group_id, is_read, created_at) VALUES ('eb82d33e-02fe-57ef-ab7c-bd7c0b9a5ce2', '5e5e8c92-e428-553d-8eb0-83dca5aab6ea', 'post_like', '9c2b8656-23fa-540a-89fb-52a8237998cb', 'ddb7ac4c-00b9-5076-90ce-8c383caf9158', NULL, NULL, 'false', '2026-07-12 20:50:00+00');"
notifications,"INSERT INTO public.notifications (id, user_id, type, actor_id, post_id, comment_id, group_id, is_read, created_at) VALUES ('ed23c2d5-4e58-5b2a-a202-394e831e3b9a', 'a82bd13f-54bb-53cb-bca5-2d3ef7ec5333', 'post_like', '3875e58e-1aaf-503b-9975-57353ee608b5', '615596ea-3235-542c-b608-a4618e5c66ac', NULL, NULL, 'false', '2026-08-10 01:47:00+00');"
notifications,"INSERT INTO public.notifications (id, user_id, type, actor_id, post_id, comment_id, group_id, is_read, created_at) VALUES ('f3a9b130-d45e-51c8-961f-b8f86a009ece', 'f4d9935b-45af-5692-84f6-f1edce54a954', 'post_like', '39431362-143d-5960-8b5d-647c21229e00', 'adbd3fc7-9465-5a04-87a6-adba807f9e20', NULL, NULL, 'true', '2026-07-28 11:07:00+00');"
notifications,"INSERT INTO public.notifications (id, user_id, type, actor_id, post_id, comment_id, group_id, is_read, created_at) VALUES ('f3abdb8b-b225-540c-b7da-aba0646b15a1', '5e5e8c92-e428-553d-8eb0-83dca5aab6ea', 'comment_reply', '4b2d2857-16f0-501a-9c56-f196f4f3ee9f', 'c59dcbab-2d68-59c8-8c3a-32b31787738c', '66e0bab4-ea61-53e0-97b9-858d07d115bf', NULL, 'false', '2026-07-23 19:07:00+00');"
notifications,"INSERT INTO public.notifications (id, user_id, type, actor_id, post_id, comment_id, group_id, is_read, created_at) VALUES ('f4a21894-422f-5a8f-85e1-1d8b4cda9394', 'a82bd13f-54bb-53cb-bca5-2d3ef7ec5333', 'post_like', 'eabe8433-844d-57c8-93c5-a451778f6b1e', '2bee4ae4-168a-5b4d-aba6-c9af30508fa5', NULL, NULL, 'true', '2026-07-29 11:56:00+00');"
notifications,"INSERT INTO public.notifications (id, user_id, type, actor_id, post_id, comment_id, group_id, is_read, created_at) VALUES ('f74d8900-b26d-5f7c-855f-9ff25585c31c', 'ab6a7953-9869-5067-a715-7769252b6c26', 'post_like', 'f4d9935b-45af-5692-84f6-f1edce54a954', '6342c84a-9ea8-5004-ab08-31b14060804e', NULL, NULL, 'false', '2026-07-10 16:18:00+00');"
notifications,"INSERT INTO public.notifications (id, user_id, type, actor_id, post_id, comment_id, group_id, is_read, created_at) VALUES ('f7a47161-634b-53e7-ba6b-20b1918e61a6', 'f4d9935b-45af-5692-84f6-f1edce54a954', 'post_like', '899db740-a298-5cc0-9e15-8aa564b6d0f9', 'adbd3fc7-9465-5a04-87a6-adba807f9e20', NULL, NULL, 'true', '2026-07-28 10:07:00+00');"
notifications,"INSERT INTO public.notifications (id, user_id, type, actor_id, post_id, comment_id, group_id, is_read, created_at) VALUES ('fa28b64a-913d-51ee-a573-ad9d1bc87146', 'a82bd13f-54bb-53cb-bca5-2d3ef7ec5333', 'post_like', '82f508c0-6ced-5b31-8a1e-bf6d9d66bdd5', '615596ea-3235-542c-b608-a4618e5c66ac', NULL, NULL, 'true', '2026-08-08 08:47:00+00');"
notifications,"INSERT INTO public.notifications (id, user_id, type, actor_id, post_id, comment_id, group_id, is_read, created_at) VALUES ('fb6640e6-8228-5f4f-8349-aadb91fc6281', 'ab6a7953-9869-5067-a715-7769252b6c26', 'post_like', '2184a872-fcf3-5c92-a0ed-a48bc01af254', 'e01964c0-6b1c-5917-871b-221269b84cdf', NULL, NULL, 'true', '2026-07-07 21:05:00+00');"
notifications,"INSERT INTO public.notifications (id, user_id, type, actor_id, post_id, comment_id, group_id, is_read, created_at) VALUES ('fc8546b4-71b4-5a17-9930-5c79fa06561e', 'a82bd13f-54bb-53cb-bca5-2d3ef7ec5333', 'post_comment', 'ab6a7953-9869-5067-a715-7769252b6c26', '615596ea-3235-542c-b608-a4618e5c66ac', 'd7ef8bdc-152f-5998-9723-18443c06c03c', NULL, 'true', '2026-08-07 17:47:00+00');"
notifications,"INSERT INTO public.notifications (id, user_id, type, actor_id, post_id, comment_id, group_id, is_read, created_at) VALUES ('fca889b9-8524-57c0-baa1-a687f7c67d46', 'a82bd13f-54bb-53cb-bca5-2d3ef7ec5333', 'post_comment', 'b64bcfa5-c9e0-5907-8f39-22eb4c80fc6d', '615596ea-3235-542c-b608-a4618e5c66ac', '59bfc4b5-b2c5-5afc-b0f5-10a1160ab218', NULL, 'false', '2026-08-07 12:47:00+00');"
post_likes,"INSERT INTO public.post_likes (id, post_id, user_id, created_at) VALUES ('00e369d5-c369-57ae-86fd-b1c275c72d8a', '9854bbe7-1c07-5b72-bab5-8af5fa3266cd', '39431362-143d-5960-8b5d-647c21229e00', '2026-07-20 05:25:00+00');"
post_likes,"INSERT INTO public.post_likes (id, post_id, user_id, created_at) VALUES ('11d0bb19-df86-5760-80cb-5abe4452c325', 'adbd3fc7-9465-5a04-87a6-adba807f9e20', 'ec88a567-d365-538a-9df6-6214908dcc40', '2026-07-28 08:07:00+00');"
post_likes,"INSERT INTO public.post_likes (id, post_id, user_id, created_at) VALUES ('14be35a9-1aca-527a-b401-ffdb3a83c67e', '2bee4ae4-168a-5b4d-aba6-c9af30508fa5', '3875e58e-1aaf-503b-9975-57353ee608b5', '2026-07-28 13:56:00+00');"
post_likes,"INSERT INTO public.post_likes (id, post_id, user_id, created_at) VALUES ('14f3102c-9d02-5995-885d-df833f25d608', '9854bbe7-1c07-5b72-bab5-8af5fa3266cd', '576872c0-f337-5ba7-9829-c94744a9c0d4', '2026-07-19 04:25:00+00');"
post_likes,"INSERT INTO public.post_likes (id, post_id, user_id, created_at) VALUES ('156394f1-6e8d-5558-b65d-d8d08de1d024', '4ed05faa-f77b-538d-ad8e-a64f0e93d197', '576872c0-f337-5ba7-9829-c94744a9c0d4', '2026-08-12 02:03:00+00');"
post_likes,"INSERT INTO public.post_likes (id, post_id, user_id, created_at) VALUES ('16a90d59-1713-5bef-9391-14516077b437', 'adbd3fc7-9465-5a04-87a6-adba807f9e20', '23b4137c-c4fa-508d-9c1c-0bcbebc02f68', '2026-07-29 02:07:00+00');"
post_likes,"INSERT INTO public.post_likes (id, post_id, user_id, created_at) VALUES ('185c5f35-628f-5906-8974-c310b2c7203a', 'e01964c0-6b1c-5917-871b-221269b84cdf', '2184a872-fcf3-5c92-a0ed-a48bc01af254', '2026-07-07 21:05:00+00');"
post_likes,"INSERT INTO public.post_likes (id, post_id, user_id, created_at) VALUES ('18d4d003-49e6-514c-9bc1-c922fca92aeb', 'ddb7ac4c-00b9-5076-90ce-8c383caf9158', '899db740-a298-5cc0-9e15-8aa564b6d0f9', '2026-07-12 06:50:00+00');"
post_likes,"INSERT INTO public.post_likes (id, post_id, user_id, created_at) VALUES ('26762fce-5fe2-5b27-8bea-d94039fc1a1d', '9854bbe7-1c07-5b72-bab5-8af5fa3266cd', '899db740-a298-5cc0-9e15-8aa564b6d0f9', '2026-07-21 12:25:00+00');"
post_likes,"INSERT INTO public.post_likes (id, post_id, user_id, created_at) VALUES ('289098e7-c1bc-54c3-bc34-6fb9c92bf11c', '4e1ccf52-94c2-5951-8bb6-2c396e391aed', '3875e58e-1aaf-503b-9975-57353ee608b5', '2026-07-21 00:53:00+00');"
post_likes,"INSERT INTO public.post_likes (id, post_id, user_id, created_at) VALUES ('29ad2a0b-c2a0-5be7-b2a4-15dd2dfde7d3', 'd3fcd2b6-965a-5b83-b2dd-1bdf44a2f600', '39431362-143d-5960-8b5d-647c21229e00', '2026-08-08 12:06:00+00');"
post_likes,"INSERT INTO public.post_likes (id, post_id, user_id, created_at) VALUES ('2a85a2eb-90ed-5746-9424-17e937d85ae9', 'e092855f-8a50-5cf3-9eda-55a1df13eaba', '39431362-143d-5960-8b5d-647c21229e00', '2026-07-28 13:25:00+00');"
post_likes,"INSERT INTO public.post_likes (id, post_id, user_id, created_at) VALUES ('312b82aa-dd3c-57ec-924f-5df7893a0ad6', '6342c84a-9ea8-5004-ab08-31b14060804e', '2184a872-fcf3-5c92-a0ed-a48bc01af254', '2026-07-11 18:18:00+00');"
post_likes,"INSERT INTO public.post_likes (id, post_id, user_id, created_at) VALUES ('36d6e92f-0a5d-5124-92eb-6f83001c483e', 'adbd3fc7-9465-5a04-87a6-adba807f9e20', '39431362-143d-5960-8b5d-647c21229e00', '2026-07-28 11:07:00+00');"
post_likes,"INSERT INTO public.post_likes (id, post_id, user_id, created_at) VALUES ('36fee042-c629-54ec-8390-d562ef59f03d', 'c59dcbab-2d68-59c8-8c3a-32b31787738c', 'eabe8433-844d-57c8-93c5-a451778f6b1e', '2026-07-25 07:07:00+00');"
post_likes,"INSERT INTO public.post_likes (id, post_id, user_id, created_at) VALUES ('4227edcf-6cdb-5e4c-b45c-242f52395dae', 'da959288-cf01-5298-9eb6-73fb29a2c148', '576872c0-f337-5ba7-9829-c94744a9c0d4', '2026-07-25 21:17:00+00');"
post_likes,"INSERT INTO public.post_likes (id, post_id, user_id, created_at) VALUES ('4845e5fc-b6cb-5e7c-8aa4-d3d785253d63', '4e1ccf52-94c2-5951-8bb6-2c396e391aed', '17c60ccb-402d-52f1-a71b-abd4e79568de', '2026-07-22 05:53:00+00');"
post_likes,"INSERT INTO public.post_likes (id, post_id, user_id, created_at) VALUES ('4b12bc67-d364-5551-b248-439d0c954649', 'd3fcd2b6-965a-5b83-b2dd-1bdf44a2f600', 'ab6a7953-9869-5067-a715-7769252b6c26', '2026-08-09 14:06:00+00');"
post_likes,"INSERT INTO public.post_likes (id, post_id, user_id, created_at) VALUES ('4b16b9d2-6171-5abb-9194-e2b2a287fc10', '9854bbe7-1c07-5b72-bab5-8af5fa3266cd', '2184a872-fcf3-5c92-a0ed-a48bc01af254', '2026-07-21 04:25:00+00');"
post_likes,"INSERT INTO public.post_likes (id, post_id, user_id, created_at) VALUES ('4cbe4e08-1586-5ccc-849f-2635b33e090a', '4e1ccf52-94c2-5951-8bb6-2c396e391aed', 'a82bd13f-54bb-53cb-bca5-2d3ef7ec5333', '2026-07-22 12:53:00+00');"
post_likes,"INSERT INTO public.post_likes (id, post_id, user_id, created_at) VALUES ('4e257136-4544-5b3f-9715-8b89f1ac574e', 'e01964c0-6b1c-5917-871b-221269b84cdf', '17c60ccb-402d-52f1-a71b-abd4e79568de', '2026-07-07 15:05:00+00');"
post_likes,"INSERT INTO public.post_likes (id, post_id, user_id, created_at) VALUES ('4e968389-922d-5fa6-959e-d75185134868', '615596ea-3235-542c-b608-a4618e5c66ac', 'f4d9935b-45af-5692-84f6-f1edce54a954', '2026-08-09 03:47:00+00');"
post_likes,"INSERT INTO public.post_likes (id, post_id, user_id, created_at) VALUES ('5470956e-af40-537c-90b9-7dbf7e6f4f36', '6342c84a-9ea8-5004-ab08-31b14060804e', 'f4d9935b-45af-5692-84f6-f1edce54a954', '2026-07-10 16:18:00+00');"
post_likes,"INSERT INTO public.post_likes (id, post_id, user_id, created_at) VALUES ('58620892-b62d-561c-bf54-287ce74eaaf0', '4e1ccf52-94c2-5951-8bb6-2c396e391aed', 'ab6a7953-9869-5067-a715-7769252b6c26', '2026-07-22 02:53:00+00');"
post_likes,"INSERT INTO public.post_likes (id, post_id, user_id, created_at) VALUES ('58a41265-61ec-5124-8a0b-7dbe00d0976f', '2bee4ae4-168a-5b4d-aba6-c9af30508fa5', '2184a872-fcf3-5c92-a0ed-a48bc01af254', '2026-07-27 02:56:00+00');"
post_likes,"INSERT INTO public.post_likes (id, post_id, user_id, created_at) VALUES ('5b8816da-4908-5964-8a58-38951eb73b6d', '6342c84a-9ea8-5004-ab08-31b14060804e', '17c60ccb-402d-52f1-a71b-abd4e79568de', '2026-07-10 12:18:00+00');"
post_likes,"INSERT INTO public.post_likes (id, post_id, user_id, created_at) VALUES ('5b9b753f-72c6-54bf-8fdd-ac54a9b97e56', 'c59dcbab-2d68-59c8-8c3a-32b31787738c', '17c60ccb-402d-52f1-a71b-abd4e79568de', '2026-07-23 15:07:00+00');"
post_likes,"INSERT INTO public.post_likes (id, post_id, user_id, created_at) VALUES ('6155ffdd-c882-5b0d-b832-4a33099cda25', 'adbd3fc7-9465-5a04-87a6-adba807f9e20', '5e5e8c92-e428-553d-8eb0-83dca5aab6ea', '2026-07-29 06:07:00+00');"
post_likes,"INSERT INTO public.post_likes (id, post_id, user_id, created_at) VALUES ('64012436-d8c6-5770-8ac8-0fd017ba54e5', '6342c84a-9ea8-5004-ab08-31b14060804e', '9c2b8656-23fa-540a-89fb-52a8237998cb', '2026-07-12 00:18:00+00');"
post_likes,"INSERT INTO public.post_likes (id, post_id, user_id, created_at) VALUES ('65c97023-844e-5267-969a-a9c114c45c92', 'da959288-cf01-5298-9eb6-73fb29a2c148', 'ec88a567-d365-538a-9df6-6214908dcc40', '2026-07-26 02:17:00+00');"
post_likes,"INSERT INTO public.post_likes (id, post_id, user_id, created_at) VALUES ('6749fecc-ece7-57f1-a3c5-4bb9879a1c46', 'd3fcd2b6-965a-5b83-b2dd-1bdf44a2f600', '17c60ccb-402d-52f1-a71b-abd4e79568de', '2026-08-08 19:06:00+00');"
post_likes,"INSERT INTO public.post_likes (id, post_id, user_id, created_at) VALUES ('68008ce3-e416-5d8e-9a86-e1e469a4609a', '6342c84a-9ea8-5004-ab08-31b14060804e', '899db740-a298-5cc0-9e15-8aa564b6d0f9', '2026-07-11 01:18:00+00');"
post_likes,"INSERT INTO public.post_likes (id, post_id, user_id, created_at) VALUES ('6c610a10-9527-51d0-8a8b-9eff99069d6a', '615596ea-3235-542c-b608-a4618e5c66ac', '82f508c0-6ced-5b31-8a1e-bf6d9d66bdd5', '2026-08-08 08:47:00+00');"
post_likes,"INSERT INTO public.post_likes (id, post_id, user_id, created_at) VALUES ('722cf3c9-503f-57b9-9a0b-2595197f23c0', '2bee4ae4-168a-5b4d-aba6-c9af30508fa5', '9c2b8656-23fa-540a-89fb-52a8237998cb', '2026-07-29 05:56:00+00');"
post_likes,"INSERT INTO public.post_likes (id, post_id, user_id, created_at) VALUES ('73adc352-4ee9-5026-b2ea-3a16c11eb430', '6342c84a-9ea8-5004-ab08-31b14060804e', '82f508c0-6ced-5b31-8a1e-bf6d9d66bdd5', '2026-07-12 08:18:00+00');"
post_likes,"INSERT INTO public.post_likes (id, post_id, user_id, created_at) VALUES ('73bce451-5034-5494-b4c8-929ab3b69413', 'fd974085-85da-5a7a-bc95-3a5b0013fc2e', '3875e58e-1aaf-503b-9975-57353ee608b5', '2026-07-21 11:31:00+00');"
post_likes,"INSERT INTO public.post_likes (id, post_id, user_id, created_at) VALUES ('7b31ac92-5b15-5232-aaf8-8daf77db5ec0', '2bee4ae4-168a-5b4d-aba6-c9af30508fa5', '576872c0-f337-5ba7-9829-c94744a9c0d4', '2026-07-27 07:56:00+00');"
post_likes,"INSERT INTO public.post_likes (id, post_id, user_id, created_at) VALUES ('7f831581-914f-5e89-a592-605b2a7ee6c3', 'd3fcd2b6-965a-5b83-b2dd-1bdf44a2f600', '576872c0-f337-5ba7-9829-c94744a9c0d4', '2026-08-07 03:06:00+00');"
post_likes,"INSERT INTO public.post_likes (id, post_id, user_id, created_at) VALUES ('85861195-fec7-5175-bc2d-30d28de39f49', 'c59dcbab-2d68-59c8-8c3a-32b31787738c', '3875e58e-1aaf-503b-9975-57353ee608b5', '2026-07-25 18:07:00+00');"
post_likes,"INSERT INTO public.post_likes (id, post_id, user_id, created_at) VALUES ('8cd86e9b-1fee-5c9d-b34a-bc14f69587d1', '2bee4ae4-168a-5b4d-aba6-c9af30508fa5', '39431362-143d-5960-8b5d-647c21229e00', '2026-07-27 20:56:00+00');"
post_likes,"INSERT INTO public.post_likes (id, post_id, user_id, created_at) VALUES ('8db31cd4-4d2b-5bc2-927d-4ec36e443342', '9854bbe7-1c07-5b72-bab5-8af5fa3266cd', 'de446ab5-1774-599f-9ec2-89735259618f', '2026-07-19 19:25:00+00');"
post_likes,"INSERT INTO public.post_likes (id, post_id, user_id, created_at) VALUES ('8e0fcb11-fce6-524b-a46f-4f2adc32a266', '615596ea-3235-542c-b608-a4618e5c66ac', '9c2b8656-23fa-540a-89fb-52a8237998cb', '2026-08-10 06:47:00+00');"
post_likes,"INSERT INTO public.post_likes (id, post_id, user_id, created_at) VALUES ('910b23b9-3cf1-5378-bda2-c7afe8dd8864', '4e1ccf52-94c2-5951-8bb6-2c396e391aed', '899db740-a298-5cc0-9e15-8aa564b6d0f9', '2026-07-20 02:53:00+00');"
post_likes,"INSERT INTO public.post_likes (id, post_id, user_id, created_at) VALUES ('91667475-9fb7-5ae7-90fa-778788fe3b1c', 'c59dcbab-2d68-59c8-8c3a-32b31787738c', '9c2b8656-23fa-540a-89fb-52a8237998cb', '2026-07-24 15:07:00+00');"
post_likes,"INSERT INTO public.post_likes (id, post_id, user_id, created_at) VALUES ('93979a39-4ad5-5749-b6c1-476f668a4f85', 'adbd3fc7-9465-5a04-87a6-adba807f9e20', 'b64bcfa5-c9e0-5907-8f39-22eb4c80fc6d', '2026-07-30 05:07:00+00');"
post_likes,"INSERT INTO public.post_likes (id, post_id, user_id, created_at) VALUES ('95903d41-7a91-5d17-9576-e25fab345246', 'da959288-cf01-5298-9eb6-73fb29a2c148', '39431362-143d-5960-8b5d-647c21229e00', '2026-07-25 19:17:00+00');"
post_likes,"INSERT INTO public.post_likes (id, post_id, user_id, created_at) VALUES ('9b2215b1-a06c-5cf4-a987-e609d204b54c', '2bee4ae4-168a-5b4d-aba6-c9af30508fa5', 'eabe8433-844d-57c8-93c5-a451778f6b1e', '2026-07-29 11:56:00+00');"
post_likes,"INSERT INTO public.post_likes (id, post_id, user_id, created_at) VALUES ('a2b7c9f4-89ba-5e2f-90e1-243d4e225b99', '74b6a7a2-c4cd-579b-b4e6-3ecf47715f6e', '2184a872-fcf3-5c92-a0ed-a48bc01af254', '2026-07-20 10:23:00+00');"
post_likes,"INSERT INTO public.post_likes (id, post_id, user_id, created_at) VALUES ('a9c1d14a-d731-5698-ad1a-7e3c88100599', 'd3fcd2b6-965a-5b83-b2dd-1bdf44a2f600', '4b2d2857-16f0-501a-9c56-f196f4f3ee9f', '2026-08-09 11:06:00+00');"
post_likes,"INSERT INTO public.post_likes (id, post_id, user_id, created_at) VALUES ('acb6f83c-f28b-5d3b-9b8f-c30b77aa4e42', '4ed05faa-f77b-538d-ad8e-a64f0e93d197', '2184a872-fcf3-5c92-a0ed-a48bc01af254', '2026-08-12 06:03:00+00');"
post_likes,"INSERT INTO public.post_likes (id, post_id, user_id, created_at) VALUES ('ad07149e-2f9c-53c4-9885-a9c6bff4a742', '4e1ccf52-94c2-5951-8bb6-2c396e391aed', 'de446ab5-1774-599f-9ec2-89735259618f', '2026-07-21 10:53:00+00');"
post_likes,"INSERT INTO public.post_likes (id, post_id, user_id, created_at) VALUES ('ae7cb334-f3c1-5ce2-97f1-61f05ed47cd8', '4ed05faa-f77b-538d-ad8e-a64f0e93d197', '6a20fca4-1847-59a7-bef0-9a4f50cf394f', '2026-08-11 16:03:00+00');"
post_likes,"INSERT INTO public.post_likes (id, post_id, user_id, created_at) VALUES ('b9a53e33-93d4-5a94-bbb0-6b1e349499dd', 'e092855f-8a50-5cf3-9eda-55a1df13eaba', 'ec88a567-d365-538a-9df6-6214908dcc40', '2026-07-26 13:25:00+00');"
post_likes,"INSERT INTO public.post_likes (id, post_id, user_id, created_at) VALUES ('bc919142-068c-56b5-b53d-a231f6738d93', 'adbd3fc7-9465-5a04-87a6-adba807f9e20', '899db740-a298-5cc0-9e15-8aa564b6d0f9', '2026-07-28 10:07:00+00');"
post_likes,"INSERT INTO public.post_likes (id, post_id, user_id, created_at) VALUES ('be9e00e9-2c2e-5a52-bf1e-72ec99b84d6f', 'ddb7ac4c-00b9-5076-90ce-8c383caf9158', 'ab6a7953-9869-5067-a715-7769252b6c26', '2026-07-14 06:50:00+00');"
post_likes,"INSERT INTO public.post_likes (id, post_id, user_id, created_at) VALUES ('bea55f79-5fe5-568a-b023-a144bd0668ad', '9854bbe7-1c07-5b72-bab5-8af5fa3266cd', 'f4d9935b-45af-5692-84f6-f1edce54a954', '2026-07-21 00:25:00+00');"
post_likes,"INSERT INTO public.post_likes (id, post_id, user_id, created_at) VALUES ('cb2b5e9b-4f5e-5573-af01-8aadcb6b0fca', 'ddb7ac4c-00b9-5076-90ce-8c383caf9158', '4b2d2857-16f0-501a-9c56-f196f4f3ee9f', '2026-07-14 08:50:00+00');"
post_likes,"INSERT INTO public.post_likes (id, post_id, user_id, created_at) VALUES ('cdc4d6b0-b003-5efd-b114-0fc94c2a2dfd', '9854bbe7-1c07-5b72-bab5-8af5fa3266cd', '9c2b8656-23fa-540a-89fb-52a8237998cb', '2026-07-20 18:25:00+00');"
post_likes,"INSERT INTO public.post_likes (id, post_id, user_id, created_at) VALUES ('d4b05fb0-ea4e-5029-89e3-267da8603bcd', '2bee4ae4-168a-5b4d-aba6-c9af30508fa5', '17c60ccb-402d-52f1-a71b-abd4e79568de', '2026-07-27 09:56:00+00');"
post_likes,"INSERT INTO public.post_likes (id, post_id, user_id, created_at) VALUES ('d8084dfc-5122-5ee9-9ca8-e13ea4df9cc9', '6342c84a-9ea8-5004-ab08-31b14060804e', 'b64bcfa5-c9e0-5907-8f39-22eb4c80fc6d', '2026-07-10 02:18:00+00');"
post_likes,"INSERT INTO public.post_likes (id, post_id, user_id, created_at) VALUES ('db3484bd-6289-5d59-9a9f-d9a650f9ac61', '9854bbe7-1c07-5b72-bab5-8af5fa3266cd', 'a82bd13f-54bb-53cb-bca5-2d3ef7ec5333', '2026-07-21 08:25:00+00');"
post_likes,"INSERT INTO public.post_likes (id, post_id, user_id, created_at) VALUES ('de619d59-5ec5-5e94-af9c-d1454c842410', 'da959288-cf01-5298-9eb6-73fb29a2c148', 'b64bcfa5-c9e0-5907-8f39-22eb4c80fc6d', '2026-07-27 04:17:00+00');"
post_likes,"INSERT INTO public.post_likes (id, post_id, user_id, created_at) VALUES ('deccfcc7-7023-5e9a-9091-7e85717da032', 'c59dcbab-2d68-59c8-8c3a-32b31787738c', 'a82bd13f-54bb-53cb-bca5-2d3ef7ec5333', '2026-07-24 03:07:00+00');"
post_likes,"INSERT INTO public.post_likes (id, post_id, user_id, created_at) VALUES ('e3cd74dd-78b3-5c73-a6b1-6376b5ad6544', 'c59dcbab-2d68-59c8-8c3a-32b31787738c', 'ab6a7953-9869-5067-a715-7769252b6c26', '2026-07-24 10:07:00+00');"
post_likes,"INSERT INTO public.post_likes (id, post_id, user_id, created_at) VALUES ('e8f4efa1-a22f-5f08-81c0-0c08b7bed55d', 'e01964c0-6b1c-5917-871b-221269b84cdf', '82f508c0-6ced-5b31-8a1e-bf6d9d66bdd5', '2026-07-05 23:05:00+00');"
post_likes,"INSERT INTO public.post_likes (id, post_id, user_id, created_at) VALUES ('ea89dd4d-550c-5b65-9c24-17f171867f57', 'adbd3fc7-9465-5a04-87a6-adba807f9e20', '82f508c0-6ced-5b31-8a1e-bf6d9d66bdd5', '2026-07-31 05:07:00+00');"
post_likes,"INSERT INTO public.post_likes (id, post_id, user_id, created_at) VALUES ('eb5bc284-daf6-59c6-8a9b-a5353ddc8208', 'ddb7ac4c-00b9-5076-90ce-8c383caf9158', '9c2b8656-23fa-540a-89fb-52a8237998cb', '2026-07-12 20:50:00+00');"
post_likes,"INSERT INTO public.post_likes (id, post_id, user_id, created_at) VALUES ('f183dcca-6ef9-5ad7-b909-fb1eb7f4572c', 'ddb7ac4c-00b9-5076-90ce-8c383caf9158', 'b64bcfa5-c9e0-5907-8f39-22eb4c80fc6d', '2026-07-13 10:50:00+00');"
post_likes,"INSERT INTO public.post_likes (id, post_id, user_id, created_at) VALUES ('f3794992-c3a9-53fc-a4b6-d15833166323', '615596ea-3235-542c-b608-a4618e5c66ac', '3875e58e-1aaf-503b-9975-57353ee608b5', '2026-08-10 01:47:00+00');"
post_likes,"INSERT INTO public.post_likes (id, post_id, user_id, created_at) VALUES ('f380f40a-69ae-5cbf-8cd4-a29b3e0fe5e0', '6342c84a-9ea8-5004-ab08-31b14060804e', 'ec88a567-d365-538a-9df6-6214908dcc40', '2026-07-11 18:18:00+00');"
post_likes,"INSERT INTO public.post_likes (id, post_id, user_id, created_at) VALUES ('f3ac84ad-5ffc-5baa-ab2f-45d8f8d84e78', '4ed05faa-f77b-538d-ad8e-a64f0e93d197', 'f4d9935b-45af-5692-84f6-f1edce54a954', '2026-08-11 10:03:00+00');"
post_likes,"INSERT INTO public.post_likes (id, post_id, user_id, created_at) VALUES ('fbae298a-c6fd-5c6c-b650-fcc1f096c1e2', 'd3fcd2b6-965a-5b83-b2dd-1bdf44a2f600', '2184a872-fcf3-5c92-a0ed-a48bc01af254', '2026-08-09 17:06:00+00');"
post_likes,"INSERT INTO public.post_likes (id, post_id, user_id, created_at) VALUES ('ff7adc8e-dbdf-5466-a120-3c7fd2f8990f', 'adbd3fc7-9465-5a04-87a6-adba807f9e20', '2184a872-fcf3-5c92-a0ed-a48bc01af254', '2026-07-29 14:07:00+00');"
profiles,"INSERT INTO public.profiles (id, username, display_name, avatar_url, bio, created_at, updated_at) VALUES ('10000000-0000-0000-0000-000000000001', 'user1', 'Nguyen Van An', NULL, 'Mock user 1', '2026-08-10 10:40:02.21719+00', '2026-08-10 10:40:02.21719+00');"
profiles,"INSERT INTO public.profiles (id, username, display_name, avatar_url, bio, created_at, updated_at) VALUES ('10000000-0000-0000-0000-000000000002', 'user2', 'Tran Thi Binh', NULL, 'Mock user 2', '2026-08-10 10:40:02.21719+00', '2026-08-10 10:40:02.21719+00');"
profiles,"INSERT INTO public.profiles (id, username, display_name, avatar_url, bio, created_at, updated_at) VALUES ('10000000-0000-0000-0000-000000000003', 'user3', 'Le Minh Chau', NULL, 'Mock user 3', '2026-08-10 10:40:02.21719+00', '2026-08-10 10:40:02.21719+00');"
profiles,"INSERT INTO public.profiles (id, username, display_name, avatar_url, bio, created_at, updated_at) VALUES ('10000000-0000-0000-0000-000000000004', 'user4', 'Pham Quang Dung', NULL, 'Mock user 4', '2026-08-10 10:40:02.21719+00', '2026-08-10 10:40:02.21719+00');"
profiles,"INSERT INTO public.profiles (id, username, display_name, avatar_url, bio, created_at, updated_at) VALUES ('10000000-0000-0000-0000-000000000005', 'user5', 'Hoang Mai Anh', NULL, 'Mock user 5', '2026-08-10 10:40:02.21719+00', '2026-08-10 10:40:02.21719+00');"
profiles,"INSERT INTO public.profiles (id, username, display_name, avatar_url, bio, created_at, updated_at) VALUES ('14c93bca-e8e4-4653-b67a-61d63046ff97', 'login_user_02', 'Login User 02', NULL, 'Mock login account', '2026-08-10 10:37:55.699588+00', '2026-08-10 10:37:55.699588+00');"
profiles,"INSERT INTO public.profiles (id, username, display_name, avatar_url, bio, created_at, updated_at) VALUES ('17c60ccb-402d-52f1-a71b-abd4e79568de', 'mock42_minh15', 'Le Minh', 'https://api.dicebear.com/9.x/initials/svg?seed=mock42_minh15', 'Mock profile for Le Minh.', '2026-08-10 10:19:57.516967+00', '2026-08-10 10:19:57.516967+00');"
profiles,"INSERT INTO public.profiles (id, username, display_name, avatar_url, bio, created_at, updated_at) VALUES ('2184a872-fcf3-5c92-a0ed-a48bc01af254', 'mock42_nam16', 'Vo Nam', 'https://api.dicebear.com/9.x/initials/svg?seed=mock42_nam16', 'Mock profile for Vo Nam.', '2026-08-10 10:19:57.516967+00', '2026-08-10 10:19:57.516967+00');"
profiles,"INSERT INTO public.profiles (id, username, display_name, avatar_url, bio, created_at, updated_at) VALUES ('22fc9441-2017-408e-8792-4629b3528cd2', 'login_user_03', 'Login User 03', NULL, 'Mock login account', '2026-08-10 10:37:55.699588+00', '2026-08-10 10:37:55.699588+00');"
profiles,"INSERT INTO public.profiles (id, username, display_name, avatar_url, bio, created_at, updated_at) VALUES ('23b4137c-c4fa-508d-9c1c-0bcbebc02f68', 'mock42_thao20', 'Bui Thao', 'https://api.dicebear.com/9.x/initials/svg?seed=mock42_thao20', 'Mock profile for Bui Thao.', '2026-08-10 10:19:57.516967+00', '2026-08-10 10:19:57.516967+00');"
profiles,"INSERT INTO public.profiles (id, username, display_name, avatar_url, bio, created_at, updated_at) VALUES ('3754eba7-5acd-4063-a199-a15dc9bf7ca5', 'login_user_01', 'Login User 01', NULL, 'Mock login account', '2026-08-10 10:37:55.699588+00', '2026-08-10 10:37:55.699588+00');"
profiles,"INSERT INTO public.profiles (id, username, display_name, avatar_url, bio, created_at, updated_at) VALUES ('3875e58e-1aaf-503b-9975-57353ee608b5', 'mock42_giang05', 'Le Giang', 'https://api.dicebear.com/9.x/initials/svg?seed=mock42_giang05', 'Mock profile for Le Giang.', '2026-08-10 10:19:57.516967+00', '2026-08-10 10:19:57.516967+00');"
profiles,"INSERT INTO public.profiles (id, username, display_name, avatar_url, bio, created_at, updated_at) VALUES ('39431362-143d-5960-8b5d-647c21229e00', 'mock42_mai14', 'Ngo Mai', 'https://api.dicebear.com/9.x/initials/svg?seed=mock42_mai14', 'Mock profile for Ngo Mai.', '2026-08-10 10:19:57.516967+00', '2026-08-10 10:19:57.516967+00');"
profiles,"INSERT INTO public.profiles (id, username, display_name, avatar_url, bio, created_at, updated_at) VALUES ('4b2d2857-16f0-501a-9c56-f196f4f3ee9f', 'mock42_phong18', 'Tran Phong', 'https://api.dicebear.com/9.x/initials/svg?seed=mock42_phong18', 'Mock profile for Tran Phong.', '2026-08-10 10:19:57.516967+00', '2026-08-10 10:19:57.516967+00');"
profiles,"INSERT INTO public.profiles (id, username, display_name, avatar_url, bio, created_at, updated_at) VALUES ('576872c0-f337-5ba7-9829-c94744a9c0d4', 'mock42_dung04', 'Ngo Dung', 'https://api.dicebear.com/9.x/initials/svg?seed=mock42_dung04', 'Mock profile for Ngo Dung.', '2026-08-10 10:19:57.516967+00', '2026-08-10 10:19:57.516967+00');"
profiles,"INSERT INTO public.profiles (id, username, display_name, avatar_url, bio, created_at, updated_at) VALUES ('5e5e8c92-e428-553d-8eb0-83dca5aab6ea', 'mock42_linh12', 'Pham Linh', 'https://api.dicebear.com/9.x/initials/svg?seed=mock42_linh12', 'Mock profile for Pham Linh.', '2026-08-10 10:19:57.516967+00', '2026-08-10 10:19:57.516967+00');"
profiles,"INSERT INTO public.profiles (id, username, display_name, avatar_url, bio, created_at, updated_at) VALUES ('6a20fca4-1847-59a7-bef0-9a4f50cf394f', 'mock42_quan19', 'Hoang Quan', 'https://api.dicebear.com/9.x/initials/svg?seed=mock42_quan19', 'Mock profile for Hoang Quan.', '2026-08-10 10:19:57.516967+00', '2026-08-10 10:19:57.516967+00');"
profiles,"INSERT INTO public.profiles (id, username, display_name, avatar_url, bio, created_at, updated_at) VALUES ('7b18a603-813c-4adc-91d3-0b0184b25de3', 'login_user_05', 'Login User 05', NULL, 'Mock login account', '2026-08-10 10:37:55.699588+00', '2026-08-10 10:37:55.699588+00');"
profiles,"INSERT INTO public.profiles (id, username, display_name, avatar_url, bio, created_at, updated_at) VALUES ('82f508c0-6ced-5b31-8a1e-bf6d9d66bdd5', 'mock42_hung09', 'Hoang Hung', 'https://api.dicebear.com/9.x/initials/svg?seed=mock42_hung09', 'Mock profile for Hoang Hung.', '2026-08-10 10:19:57.516967+00', '2026-08-10 10:19:57.516967+00');"
profiles,"INSERT INTO public.profiles (id, username, display_name, avatar_url, bio, created_at, updated_at) VALUES ('899db740-a298-5cc0-9e15-8aa564b6d0f9', 'mock42_lan11', 'Nguyen Lan', 'https://api.dicebear.com/9.x/initials/svg?seed=mock42_lan11', 'Mock profile for Nguyen Lan.', '2026-08-10 10:19:57.516967+00', '2026-08-10 10:19:57.516967+00');"
profiles,"INSERT INTO public.profiles (id, username, display_name, avatar_url, bio, created_at, updated_at) VALUES ('9c2b8656-23fa-540a-89fb-52a8237998cb', 'mock42_khanh10', 'Bui Khanh', 'https://api.dicebear.com/9.x/initials/svg?seed=mock42_khanh10', 'Mock profile for Bui Khanh.', '2026-08-10 10:19:57.516967+00', '2026-08-10 10:19:57.516967+00');"
profiles,"INSERT INTO public.profiles (id, username, display_name, avatar_url, bio, created_at, updated_at) VALUES ('a82bd13f-54bb-53cb-bca5-2d3ef7ec5333', 'mock42_ngoc17', 'Do Ngoc', 'https://api.dicebear.com/9.x/initials/svg?seed=mock42_ngoc17', 'Mock profile for Do Ngoc.', '2026-08-10 10:19:57.516967+00', '2026-08-10 10:19:57.516967+00');"
profiles,"INSERT INTO public.profiles (id, username, display_name, avatar_url, bio, created_at, updated_at) VALUES ('ab6a7953-9869-5067-a715-7769252b6c26', 'mock42_binh02', 'Pham Binh', 'https://api.dicebear.com/9.x/initials/svg?seed=mock42_binh02', 'Mock profile for Pham Binh.', '2026-08-10 10:19:57.516967+00', '2026-08-10 10:19:57.516967+00');"
profiles,"INSERT INTO public.profiles (id, username, display_name, avatar_url, bio, created_at, updated_at) VALUES ('b64bcfa5-c9e0-5907-8f39-22eb4c80fc6d', 'mock42_chi03', 'Dang Chi', 'https://api.dicebear.com/9.x/initials/svg?seed=mock42_chi03', 'Mock profile for Dang Chi.', '2026-08-10 10:19:57.516967+00', '2026-08-10 10:19:57.516967+00');"
profiles,"INSERT INTO public.profiles (id, username, display_name, avatar_url, bio, created_at, updated_at) VALUES ('b9d8b91c-209f-4d94-868d-dea70d3f9248', 'login_user_04', 'Login User 04', NULL, 'Mock login account', '2026-08-10 10:37:55.699588+00', '2026-08-10 10:37:55.699588+00');"
profiles,"INSERT INTO public.profiles (id, username, display_name, avatar_url, bio, created_at, updated_at) VALUES ('de446ab5-1774-599f-9ec2-89735259618f', 'mock42_long13', 'Dang Long', 'https://api.dicebear.com/9.x/initials/svg?seed=mock42_long13', 'Mock profile for Dang Long.', '2026-08-10 10:19:57.516967+00', '2026-08-10 10:19:57.516967+00');"
profiles,"INSERT INTO public.profiles (id, username, display_name, avatar_url, bio, created_at, updated_at) VALUES ('eabe8433-844d-57c8-93c5-a451778f6b1e', 'mock42_an01', 'Nguyen An', 'https://api.dicebear.com/9.x/initials/svg?seed=mock42_an01', 'Mock profile for Nguyen An.', '2026-08-10 10:19:57.516967+00', '2026-08-10 10:19:57.516967+00');"
profiles,"INSERT INTO public.profiles (id, username, display_name, avatar_url, bio, created_at, updated_at) VALUES ('ec88a567-d365-538a-9df6-6214908dcc40', 'mock42_hoa08', 'Tran Hoa', 'https://api.dicebear.com/9.x/initials/svg?seed=mock42_hoa08', 'Mock profile for Tran Hoa.', '2026-08-10 10:19:57.516967+00', '2026-08-10 10:19:57.516967+00');"
profiles,"INSERT INTO public.profiles (id, username, display_name, avatar_url, bio, created_at, updated_at) VALUES ('f1688f25-6602-5f02-8c17-04d0722ed018', 'mock42_ha06', 'Vo Ha', 'https://api.dicebear.com/9.x/initials/svg?seed=mock42_ha06', 'Mock profile for Vo Ha.', '2026-08-10 10:19:57.516967+00', '2026-08-10 10:19:57.516967+00');"
profiles,"INSERT INTO public.profiles (id, username, display_name, avatar_url, bio, created_at, updated_at) VALUES ('f4d9935b-45af-5692-84f6-f1edce54a954', 'mock42_hieu07', 'Do Hieu', 'https://api.dicebear.com/9.x/initials/svg?seed=mock42_hieu07', 'Mock profile for Do Hieu.', '2026-08-10 10:19:57.516967+00', '2026-08-10 10:19:57.516967+00');"
resource_folders,"INSERT INTO public.resource_folders (id, group_id, parent_folder_id, name, created_by, created_at) VALUES ('1eb7df89-f08e-57f6-9a98-548c1393c092', 'a25afa91-2bfd-57e9-ab13-f86f70296bf1', NULL, 'Study Notes', 'eabe8433-844d-57c8-93c5-a451778f6b1e', '2026-06-19 07:52:00+00');"
resource_folders,"INSERT INTO public.resource_folders (id, group_id, parent_folder_id, name, created_by, created_at) VALUES ('222f1b15-9967-5ba4-bff1-850409e30d84', '31ec634b-66e1-5bcf-9628-ac9ad32edc1b', NULL, 'Documents', 'b64bcfa5-c9e0-5907-8f39-22eb4c80fc6d', '2026-06-23 08:45:00+00');"
resource_folders,"INSERT INTO public.resource_folders (id, group_id, parent_folder_id, name, created_by, created_at) VALUES ('4de8cc8e-f5ec-5447-81db-c1e09f43a0a4', '6d2c9b37-e7aa-5ab8-a570-a62b416a85d7', NULL, 'Study Notes', '576872c0-f337-5ba7-9829-c94744a9c0d4', '2026-06-27 11:46:00+00');"
resource_folders,"INSERT INTO public.resource_folders (id, group_id, parent_folder_id, name, created_by, created_at) VALUES ('50e1cb37-ebeb-5341-b89d-6cf1e2d02f70', '2d30c071-249c-5a54-b59e-7e811bc98699', NULL, 'Documents', 'ab6a7953-9869-5067-a715-7769252b6c26', '2026-06-20 16:05:00+00');"
resource_folders,"INSERT INTO public.resource_folders (id, group_id, parent_folder_id, name, created_by, created_at) VALUES ('699f0bdc-5e02-5fad-92ec-8c122b83f01f', 'a25afa91-2bfd-57e9-ab13-f86f70296bf1', NULL, 'Documents', 'eabe8433-844d-57c8-93c5-a451778f6b1e', '2026-06-19 07:47:00+00');"
resource_folders,"INSERT INTO public.resource_folders (id, group_id, parent_folder_id, name, created_by, created_at) VALUES ('870d1471-1c73-5486-acf7-2f9da4e806b1', '6d2c9b37-e7aa-5ab8-a570-a62b416a85d7', NULL, 'Documents', '576872c0-f337-5ba7-9829-c94744a9c0d4', '2026-06-27 11:41:00+00');"
resource_folders,"INSERT INTO public.resource_folders (id, group_id, parent_folder_id, name, created_by, created_at) VALUES ('9378f9b3-386c-520b-96db-761d9b05be6e', 'a25afa91-2bfd-57e9-ab13-f86f70296bf1', '699f0bdc-5e02-5fad-92ec-8c122b83f01f', 'Week 1', 'eabe8433-844d-57c8-93c5-a451778f6b1e', '2026-06-19 07:57:00+00');"
resource_folders,"INSERT INTO public.resource_folders (id, group_id, parent_folder_id, name, created_by, created_at) VALUES ('9449ec29-0d0c-5e82-9f6e-ff0c834d3021', '6d2c9b37-e7aa-5ab8-a570-a62b416a85d7', '870d1471-1c73-5486-acf7-2f9da4e806b1', 'Week 1', '576872c0-f337-5ba7-9829-c94744a9c0d4', '2026-06-27 11:51:00+00');"
resource_folders,"INSERT INTO public.resource_folders (id, group_id, parent_folder_id, name, created_by, created_at) VALUES ('9c39c859-7ac8-5f9e-ae5d-e2bd649d12f9', '2d30c071-249c-5a54-b59e-7e811bc98699', '50e1cb37-ebeb-5341-b89d-6cf1e2d02f70', 'Week 1', 'ab6a7953-9869-5067-a715-7769252b6c26', '2026-06-20 16:15:00+00');"
resource_folders,"INSERT INTO public.resource_folders (id, group_id, parent_folder_id, name, created_by, created_at) VALUES ('dcef7fcc-c707-5f92-837a-c5d247a6e590', '2d30c071-249c-5a54-b59e-7e811bc98699', NULL, 'Study Notes', 'ab6a7953-9869-5067-a715-7769252b6c26', '2026-06-20 16:10:00+00');"
resource_folders,"INSERT INTO public.resource_folders (id, group_id, parent_folder_id, name, created_by, created_at) VALUES ('f53da470-b25b-5ff0-b702-b4b2432c3e4c', '31ec634b-66e1-5bcf-9628-ac9ad32edc1b', '222f1b15-9967-5ba4-bff1-850409e30d84', 'Week 1', 'b64bcfa5-c9e0-5907-8f39-22eb4c80fc6d', '2026-06-23 08:55:00+00');"
resource_folders,"INSERT INTO public.resource_folders (id, group_id, parent_folder_id, name, created_by, created_at) VALUES ('fe8f1b34-88e3-59d2-8019-5d968f58a893', '31ec634b-66e1-5bcf-9628-ac9ad32edc1b', NULL, 'Study Notes', 'b64bcfa5-c9e0-5907-8f39-22eb4c80fc6d', '2026-06-23 08:50:00+00');"
resources,"INSERT INTO public.resources (id, group_id, uploader_id, folder_id, name, file_path, file_type, file_size, created_at, updated_at) VALUES ('01cf0cee-79fd-5f7e-8ecb-7bc2f57bd2b9', '2d30c071-249c-5a54-b59e-7e811bc98699', '576872c0-f337-5ba7-9829-c94744a9c0d4', '9c39c859-7ac8-5f9e-ae5d-e2bd649d12f9', 'mock-resource-2-4.docx', 'group-resources/2d30c071-249c-5a54-b59e-7e811bc98699/mock-resource-2-4.docx', 'docx', '319514', '2026-06-21 16:08:00+00', '2026-06-21 16:08:00+00');"
resources,"INSERT INTO public.resources (id, group_id, uploader_id, folder_id, name, file_path, file_type, file_size, created_at, updated_at) VALUES ('047aad4a-9085-508b-993d-3db007c0e636', '6d2c9b37-e7aa-5ab8-a570-a62b416a85d7', '6a20fca4-1847-59a7-bef0-9a4f50cf394f', NULL, 'mock-resource-4-2.png', 'group-resources/6d2c9b37-e7aa-5ab8-a570-a62b416a85d7/mock-resource-4-2.png', 'png', '1366615', '2026-06-30 11:42:00+00', '2026-06-30 11:42:00+00');"
resources,"INSERT INTO public.resources (id, group_id, uploader_id, folder_id, name, file_path, file_type, file_size, created_at, updated_at) VALUES ('0f01b3cf-1714-5c87-9980-0a07ef17e149', '31ec634b-66e1-5bcf-9628-ac9ad32edc1b', 'a82bd13f-54bb-53cb-bca5-2d3ef7ec5333', 'f53da470-b25b-5ff0-b702-b4b2432c3e4c', 'mock-resource-3-1.txt', 'group-resources/31ec634b-66e1-5bcf-9628-ac9ad32edc1b/mock-resource-3-1.txt', 'txt', '3973870', '2026-07-01 08:45:00+00', '2026-07-01 08:45:00+00');"
resources,"INSERT INTO public.resources (id, group_id, uploader_id, folder_id, name, file_path, file_type, file_size, created_at, updated_at) VALUES ('124cf4b1-8c25-513f-a778-1dd1497456fd', 'a25afa91-2bfd-57e9-ab13-f86f70296bf1', '2184a872-fcf3-5c92-a0ed-a48bc01af254', NULL, 'mock-resource-1-1.docx', 'group-resources/a25afa91-2bfd-57e9-ab13-f86f70296bf1/mock-resource-1-1.docx', 'docx', '3273494', '2026-07-01 07:47:00+00', '2026-07-01 07:47:00+00');"
resources,"INSERT INTO public.resources (id, group_id, uploader_id, folder_id, name, file_path, file_type, file_size, created_at, updated_at) VALUES ('1f97a097-ff52-5e75-b330-4b2a0e157970', '31ec634b-66e1-5bcf-9628-ac9ad32edc1b', 'a82bd13f-54bb-53cb-bca5-2d3ef7ec5333', NULL, 'mock-resource-3-2.pdf', 'group-resources/31ec634b-66e1-5bcf-9628-ac9ad32edc1b/mock-resource-3-2.pdf', 'pdf', '2528347', '2026-06-24 08:46:00+00', '2026-06-24 08:46:00+00');"
resources,"INSERT INTO public.resources (id, group_id, uploader_id, folder_id, name, file_path, file_type, file_size, created_at, updated_at) VALUES ('338a7b68-f442-5a05-b1fb-68cbe9df36c8', 'a25afa91-2bfd-57e9-ab13-f86f70296bf1', '576872c0-f337-5ba7-9829-c94744a9c0d4', '699f0bdc-5e02-5fad-92ec-8c122b83f01f', 'mock-resource-1-3.pdf', 'group-resources/a25afa91-2bfd-57e9-ab13-f86f70296bf1/mock-resource-1-3.pdf', 'pdf', '3994481', '2026-06-25 07:49:00+00', '2026-06-25 07:49:00+00');"
resources,"INSERT INTO public.resources (id, group_id, uploader_id, folder_id, name, file_path, file_type, file_size, created_at, updated_at) VALUES ('44193e1e-bf75-5e0a-9c91-803fd0ba1ca9', '6d2c9b37-e7aa-5ab8-a570-a62b416a85d7', '2184a872-fcf3-5c92-a0ed-a48bc01af254', '9449ec29-0d0c-5e82-9f6e-ff0c834d3021', 'mock-resource-4-3.txt', 'group-resources/6d2c9b37-e7aa-5ab8-a570-a62b416a85d7/mock-resource-4-3.txt', 'txt', '2929478', '2026-07-12 11:43:00+00', '2026-07-12 11:43:00+00');"
resources,"INSERT INTO public.resources (id, group_id, uploader_id, folder_id, name, file_path, file_type, file_size, created_at, updated_at) VALUES ('4cba3226-0796-5522-8aa9-27538df39810', '2d30c071-249c-5a54-b59e-7e811bc98699', '6a20fca4-1847-59a7-bef0-9a4f50cf394f', '9c39c859-7ac8-5f9e-ae5d-e2bd649d12f9', 'mock-resource-2-2.txt', 'group-resources/2d30c071-249c-5a54-b59e-7e811bc98699/mock-resource-2-2.txt', 'txt', '318549', '2026-06-27 16:06:00+00', '2026-06-27 16:06:00+00');"
resources,"INSERT INTO public.resources (id, group_id, uploader_id, folder_id, name, file_path, file_type, file_size, created_at, updated_at) VALUES ('51ea84cc-7e6f-58e1-94bf-d53c6b5561c2', 'a25afa91-2bfd-57e9-ab13-f86f70296bf1', 'a82bd13f-54bb-53cb-bca5-2d3ef7ec5333', NULL, 'mock-resource-1-2.png', 'group-resources/a25afa91-2bfd-57e9-ab13-f86f70296bf1/mock-resource-1-2.png', 'png', '3627800', '2026-07-02 07:48:00+00', '2026-07-02 07:48:00+00');"
resources,"INSERT INTO public.resources (id, group_id, uploader_id, folder_id, name, file_path, file_type, file_size, created_at, updated_at) VALUES ('7d50d926-3d60-5e46-a176-0f46e430fc71', '2d30c071-249c-5a54-b59e-7e811bc98699', '6a20fca4-1847-59a7-bef0-9a4f50cf394f', 'dcef7fcc-c707-5f92-837a-c5d247a6e590', 'mock-resource-2-3.txt', 'group-resources/2d30c071-249c-5a54-b59e-7e811bc98699/mock-resource-2-3.txt', 'txt', '501406', '2026-06-27 16:07:00+00', '2026-06-27 16:07:00+00');"
resources,"INSERT INTO public.resources (id, group_id, uploader_id, folder_id, name, file_path, file_type, file_size, created_at, updated_at) VALUES ('b5735879-920f-519f-945f-df60d43e3d30', '2d30c071-249c-5a54-b59e-7e811bc98699', 'f1688f25-6602-5f02-8c17-04d0722ed018', NULL, 'mock-resource-2-1.png', 'group-resources/2d30c071-249c-5a54-b59e-7e811bc98699/mock-resource-2-1.png', 'png', '156901', '2026-06-27 16:05:00+00', '2026-06-27 16:05:00+00');"
resources,"INSERT INTO public.resources (id, group_id, uploader_id, folder_id, name, file_path, file_type, file_size, created_at, updated_at) VALUES ('b9432166-6324-5d1e-acd8-8eca4f074a58', '6d2c9b37-e7aa-5ab8-a570-a62b416a85d7', '4b2d2857-16f0-501a-9c56-f196f4f3ee9f', NULL, 'mock-resource-4-4.pdf', 'group-resources/6d2c9b37-e7aa-5ab8-a570-a62b416a85d7/mock-resource-4-4.pdf', 'pdf', '1927678', '2026-06-29 11:44:00+00', '2026-06-29 11:44:00+00');"
resources,"INSERT INTO public.resources (id, group_id, uploader_id, folder_id, name, file_path, file_type, file_size, created_at, updated_at) VALUES ('bc467ed6-152f-551b-a40e-c912ec4e8fa2', '31ec634b-66e1-5bcf-9628-ac9ad32edc1b', '23b4137c-c4fa-508d-9c1c-0bcbebc02f68', NULL, 'mock-resource-3-5.txt', 'group-resources/31ec634b-66e1-5bcf-9628-ac9ad32edc1b/mock-resource-3-5.txt', 'txt', '3862287', '2026-07-01 08:49:00+00', '2026-07-01 08:49:00+00');"
resources,"INSERT INTO public.resources (id, group_id, uploader_id, folder_id, name, file_path, file_type, file_size, created_at, updated_at) VALUES ('d1580270-4b6c-51f0-affd-88fd33cf487f', 'a25afa91-2bfd-57e9-ab13-f86f70296bf1', '39431362-143d-5960-8b5d-647c21229e00', '9378f9b3-386c-520b-96db-761d9b05be6e', 'mock-resource-1-4.pdf', 'group-resources/a25afa91-2bfd-57e9-ab13-f86f70296bf1/mock-resource-1-4.pdf', 'pdf', '678745', '2026-06-26 07:50:00+00', '2026-06-26 07:50:00+00');"
resources,"INSERT INTO public.resources (id, group_id, uploader_id, folder_id, name, file_path, file_type, file_size, created_at, updated_at) VALUES ('d9d3bdcc-ddca-55d2-bf2b-09b78bb16291', 'a25afa91-2bfd-57e9-ab13-f86f70296bf1', '23b4137c-c4fa-508d-9c1c-0bcbebc02f68', '699f0bdc-5e02-5fad-92ec-8c122b83f01f', 'mock-resource-1-5.docx', 'group-resources/a25afa91-2bfd-57e9-ab13-f86f70296bf1/mock-resource-1-5.docx', 'docx', '31222', '2026-07-02 07:51:00+00', '2026-07-02 07:51:00+00');"
resources,"INSERT INTO public.resources (id, group_id, uploader_id, folder_id, name, file_path, file_type, file_size, created_at, updated_at) VALUES ('dbca86fb-f09c-5908-8a40-f4daa080039c', '31ec634b-66e1-5bcf-9628-ac9ad32edc1b', 'a82bd13f-54bb-53cb-bca5-2d3ef7ec5333', 'f53da470-b25b-5ff0-b702-b4b2432c3e4c', 'mock-resource-3-3.png', 'group-resources/31ec634b-66e1-5bcf-9628-ac9ad32edc1b/mock-resource-3-3.png', 'png', '128485', '2026-06-25 08:47:00+00', '2026-06-25 08:47:00+00');"
resources,"INSERT INTO public.resources (id, group_id, uploader_id, folder_id, name, file_path, file_type, file_size, created_at, updated_at) VALUES ('dee683b8-ec84-5737-a558-0752ebdbcb5a', '31ec634b-66e1-5bcf-9628-ac9ad32edc1b', '23b4137c-c4fa-508d-9c1c-0bcbebc02f68', '222f1b15-9967-5ba4-bff1-850409e30d84', 'mock-resource-3-4.png', 'group-resources/31ec634b-66e1-5bcf-9628-ac9ad32edc1b/mock-resource-3-4.png', 'png', '2436955', '2026-06-24 08:48:00+00', '2026-06-24 08:48:00+00');"
resources,"INSERT INTO public.resources (id, group_id, uploader_id, folder_id, name, file_path, file_type, file_size, created_at, updated_at) VALUES ('ea36b487-96f8-5bc4-af41-8add33da25d6', '2d30c071-249c-5a54-b59e-7e811bc98699', '576872c0-f337-5ba7-9829-c94744a9c0d4', '9c39c859-7ac8-5f9e-ae5d-e2bd649d12f9', 'mock-resource-2-5.png', 'group-resources/2d30c071-249c-5a54-b59e-7e811bc98699/mock-resource-2-5.png', 'png', '1861943', '2026-06-23 16:09:00+00', '2026-06-23 16:09:00+00');"
resources,"INSERT INTO public.resources (id, group_id, uploader_id, folder_id, name, file_path, file_type, file_size, created_at, updated_at) VALUES ('f15c0390-f3a5-581b-bf8a-7a10b11bdff7', '6d2c9b37-e7aa-5ab8-a570-a62b416a85d7', '6a20fca4-1847-59a7-bef0-9a4f50cf394f', '9449ec29-0d0c-5e82-9f6e-ff0c834d3021', 'mock-resource-4-5.png', 'group-resources/6d2c9b37-e7aa-5ab8-a570-a62b416a85d7/mock-resource-4-5.png', 'png', '506210', '2026-07-09 11:45:00+00', '2026-07-09 11:45:00+00');"
resources,"INSERT INTO public.resources (id, group_id, uploader_id, folder_id, name, file_path, file_type, file_size, created_at, updated_at) VALUES ('f5105a50-1379-5554-bc26-3cb526a5bbdc', '6d2c9b37-e7aa-5ab8-a570-a62b416a85d7', '2184a872-fcf3-5c92-a0ed-a48bc01af254', NULL, 'mock-resource-4-1.txt', 'group-resources/6d2c9b37-e7aa-5ab8-a570-a62b416a85d7/mock-resource-4-1.txt', 'txt', '402698', '2026-07-12 11:41:00+00', '2026-07-12 11:41:00+00');"
room_moderation_actions,"INSERT INTO public.room_moderation_actions (id, room_id, moderator_id, target_user_id, action, reason, created_at) VALUES ('427977db-5ef9-5fad-878f-74b9c048edd8', '6a443b92-7bf8-5624-9cb1-bc73b3603fab', '2184a872-fcf3-5c92-a0ed-a48bc01af254', '23b4137c-c4fa-508d-9c1c-0bcbebc02f68', 'mute', 'Mock moderation event', '2026-06-27 08:17:00+00');"
room_moderation_actions,"INSERT INTO public.room_moderation_actions (id, room_id, moderator_id, target_user_id, action, reason, created_at) VALUES ('433eae03-1f13-5eb8-aaf5-035bf95b6fbd', '359fe432-1581-5037-bb98-dd955ae472b9', '576872c0-f337-5ba7-9829-c94744a9c0d4', '3875e58e-1aaf-503b-9975-57353ee608b5', 'mute', 'Mock moderation event', '2026-07-05 12:11:00+00');"
room_moderation_actions,"INSERT INTO public.room_moderation_actions (id, room_id, moderator_id, target_user_id, action, reason, created_at) VALUES ('6b51ddac-a66f-5b92-b3d6-4cfcbdde3703', '2282175d-1cff-5497-be37-16949de0cc33', '576872c0-f337-5ba7-9829-c94744a9c0d4', '5e5e8c92-e428-553d-8eb0-83dca5aab6ea', 'mute', 'Mock moderation event', '2026-06-24 08:17:00+00');"
room_moderation_actions,"INSERT INTO public.room_moderation_actions (id, room_id, moderator_id, target_user_id, action, reason, created_at) VALUES ('c52b2519-f2bf-5406-b86e-7c45008876b3', 'dcda661b-77d6-59a2-a9e8-9501e2be6a60', '6a20fca4-1847-59a7-bef0-9a4f50cf394f', '3875e58e-1aaf-503b-9975-57353ee608b5', 'mute', 'Mock moderation event', '2026-06-25 16:35:00+00');"
room_moderation_actions,"INSERT INTO public.room_moderation_actions (id, room_id, moderator_id, target_user_id, action, reason, created_at) VALUES ('e9057534-ab88-56b4-811c-c494d0345eff', '27660bc6-950b-51c1-b452-6d3f9662acdb', '17c60ccb-402d-52f1-a71b-abd4e79568de', 'de446ab5-1774-599f-9ec2-89735259618f', 'mute', 'Mock moderation event', '2026-07-02 12:11:00+00');"
room_moderation_actions,"INSERT INTO public.room_moderation_actions (id, room_id, moderator_id, target_user_id, action, reason, created_at) VALUES ('f00e0937-784a-510f-b443-87f3fb01b8a7', 'a8710416-4cb7-542a-85ea-cd4da9608c85', '23b4137c-c4fa-508d-9c1c-0bcbebc02f68', 'a82bd13f-54bb-53cb-bca5-2d3ef7ec5333', 'mute', 'Mock moderation event', '2026-07-01 09:15:00+00');"
study_room_members,"INSERT INTO public.study_room_members (id, room_id, user_id, role, joined_at, left_at) VALUES ('06ad34b6-9fb5-562b-ba7e-ed15c42e63d1', '8b691683-ee81-58fc-ac0c-5f3ef9dfe595', 'b64bcfa5-c9e0-5907-8f39-22eb4c80fc6d', 'participant', '2026-06-28 08:51:00+00', NULL);"
study_room_members,"INSERT INTO public.study_room_members (id, room_id, user_id, role, joined_at, left_at) VALUES ('1133a399-94e2-5b63-94e2-8b70f400fa8d', 'a8710416-4cb7-542a-85ea-cd4da9608c85', '23b4137c-c4fa-508d-9c1c-0bcbebc02f68', 'moderator', '2026-07-01 08:57:00+00', '2026-07-01 10:09:00+00');"
study_room_members,"INSERT INTO public.study_room_members (id, room_id, user_id, role, joined_at, left_at) VALUES ('1d3aecfb-4027-5bfd-8bea-0df058235dda', '6a443b92-7bf8-5624-9cb1-bc73b3603fab', '23b4137c-c4fa-508d-9c1c-0bcbebc02f68', 'participant', '2026-06-27 08:01:00+00', NULL);"
study_room_members,"INSERT INTO public.study_room_members (id, room_id, user_id, role, joined_at, left_at) VALUES ('1fa31772-85ed-5efa-b9c0-1ac0334e79c3', '6a443b92-7bf8-5624-9cb1-bc73b3603fab', '82f508c0-6ced-5b31-8a1e-bf6d9d66bdd5', 'participant', '2026-06-27 08:07:00+00', NULL);"
study_room_members,"INSERT INTO public.study_room_members (id, room_id, user_id, role, joined_at, left_at) VALUES ('221d6707-e9a4-515d-801d-65aa599ca342', '27660bc6-950b-51c1-b452-6d3f9662acdb', '576872c0-f337-5ba7-9829-c94744a9c0d4', 'host', '2026-07-02 11:51:00+00', '2026-07-02 13:06:00+00');"
study_room_members,"INSERT INTO public.study_room_members (id, room_id, user_id, role, joined_at, left_at) VALUES ('3172792b-ea43-5771-bfd7-294dff1dc9e9', '6a443b92-7bf8-5624-9cb1-bc73b3603fab', 'ec88a567-d365-538a-9df6-6214908dcc40', 'host', '2026-06-27 07:57:00+00', NULL);"
study_room_members,"INSERT INTO public.study_room_members (id, room_id, user_id, role, joined_at, left_at) VALUES ('431279d7-6d59-5c49-af79-72bd2f9e76d4', 'dcda661b-77d6-59a2-a9e8-9501e2be6a60', '576872c0-f337-5ba7-9829-c94744a9c0d4', 'participant', '2026-06-25 16:19:00+00', '2026-06-25 16:44:00+00');"
study_room_members,"INSERT INTO public.study_room_members (id, room_id, user_id, role, joined_at, left_at) VALUES ('487651a2-5157-5df3-933b-d6e90c146ab1', '2282175d-1cff-5497-be37-16949de0cc33', '576872c0-f337-5ba7-9829-c94744a9c0d4', 'host', '2026-06-24 07:57:00+00', '2026-06-24 09:12:00+00');"
study_room_members,"INSERT INTO public.study_room_members (id, room_id, user_id, role, joined_at, left_at) VALUES ('528501c2-dab3-516f-9e5d-2616faa2d31c', '2282175d-1cff-5497-be37-16949de0cc33', '5e5e8c92-e428-553d-8eb0-83dca5aab6ea', 'participant', '2026-06-24 08:01:00+00', '2026-06-24 09:10:00+00');"
study_room_members,"INSERT INTO public.study_room_members (id, room_id, user_id, role, joined_at, left_at) VALUES ('530772b2-6947-5a28-b6e8-091d340db083', '6a443b92-7bf8-5624-9cb1-bc73b3603fab', '2184a872-fcf3-5c92-a0ed-a48bc01af254', 'moderator', '2026-06-27 07:59:00+00', NULL);"
study_room_members,"INSERT INTO public.study_room_members (id, room_id, user_id, role, joined_at, left_at) VALUES ('71663b5d-1f4e-57e1-b611-23d13f58e76a', '359fe432-1581-5037-bb98-dd955ae472b9', '576872c0-f337-5ba7-9829-c94744a9c0d4', 'host', '2026-07-05 11:51:00+00', NULL);"
study_room_members,"INSERT INTO public.study_room_members (id, room_id, user_id, role, joined_at, left_at) VALUES ('72517772-3048-5fc8-9c5e-b74b0ff8250e', '8b691683-ee81-58fc-ac0c-5f3ef9dfe595', '576872c0-f337-5ba7-9829-c94744a9c0d4', 'host', '2026-06-28 08:45:00+00', NULL);"
study_room_members,"INSERT INTO public.study_room_members (id, room_id, user_id, role, joined_at, left_at) VALUES ('732da2b8-d993-5dce-b7e6-6b582a16d08c', '6a443b92-7bf8-5624-9cb1-bc73b3603fab', '576872c0-f337-5ba7-9829-c94744a9c0d4', 'participant', '2026-06-27 08:05:00+00', NULL);"
study_room_members,"INSERT INTO public.study_room_members (id, room_id, user_id, role, joined_at, left_at) VALUES ('98a6f6b3-7384-5fee-8dd5-8b697f4e569b', '1527dcab-a543-5f10-9dfa-cab57c5b195c', 'ab6a7953-9869-5067-a715-7769252b6c26', 'participant', '2026-06-28 16:07:00+00', NULL);"
study_room_members,"INSERT INTO public.study_room_members (id, room_id, user_id, role, joined_at, left_at) VALUES ('a2ae8e38-8f90-567d-b508-70cdf92b453a', '6a443b92-7bf8-5624-9cb1-bc73b3603fab', '39431362-143d-5960-8b5d-647c21229e00', 'participant', '2026-06-27 08:03:00+00', NULL);"
study_room_members,"INSERT INTO public.study_room_members (id, room_id, user_id, role, joined_at, left_at) VALUES ('a75c970d-6cd5-5626-9d7e-2e19b2824e52', '2282175d-1cff-5497-be37-16949de0cc33', 'eabe8433-844d-57c8-93c5-a451778f6b1e', 'participant', '2026-06-24 08:03:00+00', '2026-06-24 09:09:00+00');"
study_room_members,"INSERT INTO public.study_room_members (id, room_id, user_id, role, joined_at, left_at) VALUES ('ae3fdcee-08ca-583b-b763-c2fe6e3b755f', '8b691683-ee81-58fc-ac0c-5f3ef9dfe595', '23b4137c-c4fa-508d-9c1c-0bcbebc02f68', 'moderator', '2026-06-28 08:47:00+00', NULL);"
study_room_members,"INSERT INTO public.study_room_members (id, room_id, user_id, role, joined_at, left_at) VALUES ('b31fb0c9-9ba0-5500-8005-d19a7c69f447', 'dcda661b-77d6-59a2-a9e8-9501e2be6a60', '6a20fca4-1847-59a7-bef0-9a4f50cf394f', 'host', '2026-06-25 16:15:00+00', NULL);"
study_room_members,"INSERT INTO public.study_room_members (id, room_id, user_id, role, joined_at, left_at) VALUES ('b4d7c7bf-64cc-52f2-96e5-5a11ef992702', '8b691683-ee81-58fc-ac0c-5f3ef9dfe595', 'a82bd13f-54bb-53cb-bca5-2d3ef7ec5333', 'participant', '2026-06-28 08:49:00+00', NULL);"
study_room_members,"INSERT INTO public.study_room_members (id, room_id, user_id, role, joined_at, left_at) VALUES ('b78e3400-3333-5106-926d-1c7a4e416b24', '359fe432-1581-5037-bb98-dd955ae472b9', '3875e58e-1aaf-503b-9975-57353ee608b5', 'participant', '2026-07-05 11:53:00+00', NULL);"
study_room_members,"INSERT INTO public.study_room_members (id, room_id, user_id, role, joined_at, left_at) VALUES ('ba166a82-19d1-5d80-b12d-4c5c37fc7ff7', 'a8710416-4cb7-542a-85ea-cd4da9608c85', 'a82bd13f-54bb-53cb-bca5-2d3ef7ec5333', 'participant', '2026-07-01 09:01:00+00', '2026-07-01 10:07:00+00');"
study_room_members,"INSERT INTO public.study_room_members (id, room_id, user_id, role, joined_at, left_at) VALUES ('bb6ef170-d767-57c3-9cfe-ad856142340d', '6a443b92-7bf8-5624-9cb1-bc73b3603fab', 'a82bd13f-54bb-53cb-bca5-2d3ef7ec5333', 'participant', '2026-06-27 08:09:00+00', '2026-06-27 08:34:00+00');"
study_room_members,"INSERT INTO public.study_room_members (id, room_id, user_id, role, joined_at, left_at) VALUES ('be672c36-6348-568f-8d2d-12b7d793f66f', '27660bc6-950b-51c1-b452-6d3f9662acdb', 'ab6a7953-9869-5067-a715-7769252b6c26', 'participant', '2026-07-02 11:55:00+00', '2026-07-02 13:04:00+00');"
study_room_members,"INSERT INTO public.study_room_members (id, room_id, user_id, role, joined_at, left_at) VALUES ('cf509fac-9ccb-5c1e-b70e-ef1a9f50b2da', 'a8710416-4cb7-542a-85ea-cd4da9608c85', 'b64bcfa5-c9e0-5907-8f39-22eb4c80fc6d', 'host', '2026-07-01 08:55:00+00', '2026-07-01 10:10:00+00');"
study_room_members,"INSERT INTO public.study_room_members (id, room_id, user_id, role, joined_at, left_at) VALUES ('de4485c5-f551-5ef5-8a21-4cee7d082d7a', 'dcda661b-77d6-59a2-a9e8-9501e2be6a60', '3875e58e-1aaf-503b-9975-57353ee608b5', 'participant', '2026-06-25 16:17:00+00', NULL);"
study_room_members,"INSERT INTO public.study_room_members (id, room_id, user_id, role, joined_at, left_at) VALUES ('e184661b-0130-52d3-8d6d-bfbc5efbf477', '27660bc6-950b-51c1-b452-6d3f9662acdb', 'de446ab5-1774-599f-9ec2-89735259618f', 'participant', '2026-07-02 11:57:00+00', '2026-07-02 13:03:00+00');"
study_room_members,"INSERT INTO public.study_room_members (id, room_id, user_id, role, joined_at, left_at) VALUES ('e7693c37-0007-56e5-a312-396026ea5cc7', '27660bc6-950b-51c1-b452-6d3f9662acdb', '17c60ccb-402d-52f1-a71b-abd4e79568de', 'moderator', '2026-07-02 11:53:00+00', '2026-07-02 13:05:00+00');"
study_room_members,"INSERT INTO public.study_room_members (id, room_id, user_id, role, joined_at, left_at) VALUES ('e8274884-75ef-5c3b-a633-9a06ef0468d2', '1527dcab-a543-5f10-9dfa-cab57c5b195c', '6a20fca4-1847-59a7-bef0-9a4f50cf394f', 'host', '2026-06-28 16:05:00+00', NULL);"
study_room_members,"INSERT INTO public.study_room_members (id, room_id, user_id, role, joined_at, left_at) VALUES ('ea6aec3f-5864-5f1a-8512-4a297f88941a', '359fe432-1581-5037-bb98-dd955ae472b9', 'ab6a7953-9869-5067-a715-7769252b6c26', 'participant', '2026-07-05 11:55:00+00', '2026-07-05 12:20:00+00');"
study_room_members,"INSERT INTO public.study_room_members (id, room_id, user_id, role, joined_at, left_at) VALUES ('eb7b4637-57ed-57b2-a9b3-ee039d11f2b4', 'a8710416-4cb7-542a-85ea-cd4da9608c85', '576872c0-f337-5ba7-9829-c94744a9c0d4', 'participant', '2026-07-01 08:59:00+00', '2026-07-01 10:08:00+00');"
study_room_members,"INSERT INTO public.study_room_members (id, room_id, user_id, role, joined_at, left_at) VALUES ('fa1b52b7-c0ac-596c-9be4-227f50d02917', '2282175d-1cff-5497-be37-16949de0cc33', '2184a872-fcf3-5c92-a0ed-a48bc01af254', 'moderator', '2026-06-24 07:59:00+00', '2026-06-24 09:11:00+00');"
study_rooms,"INSERT INTO public.study_rooms (id, group_id, name, description, host_id, status, max_participants, created_at, started_at, ended_at) VALUES ('1527dcab-a543-5f10-9dfa-cab57c5b195c', '2d30c071-249c-5a54-b59e-7e811bc98699', 'Study session 2.2', 'Mock collaborative study room', '6a20fca4-1847-59a7-bef0-9a4f50cf394f', 'waiting', '50', '2026-06-28 16:05:00+00', NULL, NULL);"
study_rooms,"INSERT INTO public.study_rooms (id, group_id, name, description, host_id, status, max_participants, created_at, started_at, ended_at) VALUES ('2282175d-1cff-5497-be37-16949de0cc33', 'a25afa91-2bfd-57e9-ab13-f86f70296bf1', 'Study session 1.1', 'Mock collaborative study room', '576872c0-f337-5ba7-9829-c94744a9c0d4', 'ended', '50', '2026-06-24 07:47:00+00', '2026-06-24 07:57:00+00', '2026-06-24 09:12:00+00');"
study_rooms,"INSERT INTO public.study_rooms (id, group_id, name, description, host_id, status, max_participants, created_at, started_at, ended_at) VALUES ('27660bc6-950b-51c1-b452-6d3f9662acdb', '6d2c9b37-e7aa-5ab8-a570-a62b416a85d7', 'Study session 4.1', 'Mock collaborative study room', '576872c0-f337-5ba7-9829-c94744a9c0d4', 'ended', '50', '2026-07-02 11:41:00+00', '2026-07-02 11:51:00+00', '2026-07-02 13:06:00+00');"
study_rooms,"INSERT INTO public.study_rooms (id, group_id, name, description, host_id, status, max_participants, created_at, started_at, ended_at) VALUES ('359fe432-1581-5037-bb98-dd955ae472b9', '6d2c9b37-e7aa-5ab8-a570-a62b416a85d7', 'Study session 4.2', 'Mock collaborative study room', '576872c0-f337-5ba7-9829-c94744a9c0d4', 'active', '50', '2026-07-05 11:41:00+00', '2026-07-05 11:51:00+00', NULL);"
study_rooms,"INSERT INTO public.study_rooms (id, group_id, name, description, host_id, status, max_participants, created_at, started_at, ended_at) VALUES ('6a443b92-7bf8-5624-9cb1-bc73b3603fab', 'a25afa91-2bfd-57e9-ab13-f86f70296bf1', 'Study session 1.2', 'Mock collaborative study room', 'ec88a567-d365-538a-9df6-6214908dcc40', 'active', '50', '2026-06-27 07:47:00+00', '2026-06-27 07:57:00+00', NULL);"
study_rooms,"INSERT INTO public.study_rooms (id, group_id, name, description, host_id, status, max_participants, created_at, started_at, ended_at) VALUES ('8b691683-ee81-58fc-ac0c-5f3ef9dfe595', '31ec634b-66e1-5bcf-9628-ac9ad32edc1b', 'Study session 3.1', 'Mock collaborative study room', '576872c0-f337-5ba7-9829-c94744a9c0d4', 'waiting', '50', '2026-06-28 08:45:00+00', NULL, NULL);"
study_rooms,"INSERT INTO public.study_rooms (id, group_id, name, description, host_id, status, max_participants, created_at, started_at, ended_at) VALUES ('a8710416-4cb7-542a-85ea-cd4da9608c85', '31ec634b-66e1-5bcf-9628-ac9ad32edc1b', 'Study session 3.2', 'Mock collaborative study room', 'b64bcfa5-c9e0-5907-8f39-22eb4c80fc6d', 'ended', '50', '2026-07-01 08:45:00+00', '2026-07-01 08:55:00+00', '2026-07-01 10:10:00+00');"
study_rooms,"INSERT INTO public.study_rooms (id, group_id, name, description, host_id, status, max_participants, created_at, started_at, ended_at) VALUES ('dcda661b-77d6-59a2-a9e8-9501e2be6a60', '2d30c071-249c-5a54-b59e-7e811bc98699', 'Study session 2.1', 'Mock collaborative study room', '6a20fca4-1847-59a7-bef0-9a4f50cf394f', 'active', '50', '2026-06-25 16:05:00+00', '2026-06-25 16:15:00+00', NULL);"